1,1106.62,11,1302,0.15873015873015872
2,1106.62,17,1328,0.15873015873015872
3,1106.62,24,1354,0.15873015873015872
4,1106.62,32,1380,0.15873015873015872
5,1085.4,39,1406,6.984126984126984
6,1073.08,47,1432,6.507936507936509
7,1073.08,54,1458,6.507936507936509
8,1073.08,61,1484,6.507936507936509
9,1073.08,70,1510,6.507936507936509
10,1073.08,77,1536,6.507936507936509
11,1073.08,87,1562,6.507936507936509
12,1073.08,94,1588,6.507936507936509
13,1073.08,101,1614,6.507936507936509
14,1073.08,108,1640,6.507936507936509
15,1073.08,116,1666,6.507936507936509
16,1073.08,123,1692,6.507936507936509
17,1073.08,131,1718,6.507936507936509
18,1073.08,138,1744,6.507936507936509
19,1073.08,145,1770,6.507936507936509
20,1073.08,152,1796,6.507936507936509
21,1073.08,160,1822,6.507936507936509
22,1073.08,167,1848,6.507936507936509
23,1073.08,175,1874,6.507936507936509
24,1073.08,183,1900,6.507936507936509
25,1073.08,191,1926,6.507936507936509
26,1073.08,197,1952,6.507936507936509
27,1073.08,204,1978,6.507936507936509
28,1073.08,211,2004,6.507936507936509
29,1049.04,219,2030,4.1269841269841265
30,1049.04,226,2056,4.1269841269841265
31,1049.04,232,2082,4.1269841269841265
32,1049.04,240,2108,4.1269841269841265
33,1049.04,247,2134,4.1269841269841265
34,1049.04,254,2160,4.1269841269841265
35,1049.04,261,2186,4.1269841269841265
36,1049.04,268,2212,4.1269841269841265
37,1049.04,276,2238,4.1269841269841265
38,1049.04,283,2264,4.1269841269841265
39,1049.04,289,2290,4.1269841269841265
40,1049.04,296,2316,4.1269841269841265
41,1049.04,303,2342,4.1269841269841265
42,1049.04,310,2368,4.1269841269841265
43,1049.04,316,2394,4.1269841269841265
44,1049.04,324,2420,4.1269841269841265
45,1049.04,330,2446,4.1269841269841265
46,1049.04,337,2472,4.1269841269841265
47,1049.04,344,2498,4.1269841269841265
48,1049.04,351,2524,4.1269841269841265
49,1046.54,359,2550,2.0634920634920633
50,1046.54,366,2576,2.0634920634920633
51,1046.54,373,2602,2.0634920634920633
52,1046.54,379,2628,2.0634920634920633
53,1046.54,386,2654,2.0634920634920633
54,1046.54,393,2680,2.0634920634920633
55,1046.54,400,2706,2.0634920634920633
56,1046.54,407,2732,2.0634920634920633
57,1046.54,414,2758,2.0634920634920633
58,1046.54,421,2784,2.0634920634920633
59,1046.54,428,2810,2.0634920634920633
60,1046.54,434,2836,2.0634920634920633
61,1046.54,441,2862,2.0634920634920633
62,1046.54,449,2888,2.0634920634920633
63,1046.54,455,2914,2.0634920634920633
64,1046.54,463,2940,2.0634920634920633
65,1046.54,470,2966,2.0634920634920633
66,1046.54,477,2992,2.0634920634920633
67,1046.54,484,3018,2.0634920634920633
68,1046.54,490,3044,2.0634920634920633
69,1046.54,497,3070,2.0634920634920633
70,1046.54,503,3096,2.0634920634920633
71,1046.54,510,3122,2.0634920634920633
72,1046.54,517,3148,2.0634920634920633
73,1046.54,524,3174,2.0634920634920633
74,1046.54,531,3200,2.0634920634920633
75,1046.54,538,3226,2.0634920634920633
76,1046.54,545,3252,2.0634920634920633
77,1046.54,552,3278,2.0634920634920633
78,1046.54,560,3304,2.0634920634920633
79,1046.54,567,3330,2.0634920634920633
80,1046.54,574,3356,2.0634920634920633
81,1046.54,581,3382,2.0634920634920633
82,1046.54,590,3408,2.0634920634920633
83,1046.54,597,3434,2.0634920634920633
84,1002.74,604,3460,0.0
85,1002.74,611,3486,0.0
86,1002.74,618,3512,0.0
87,1002.74,625,3538,0.0
88,1002.74,631,3564,0.0
89,1002.74,638,3590,0.0
90,1002.74,645,3616,0.0
91,1002.74,651,3642,0.0
92,1002.74,658,3668,0.0
93,1002.74,664,3694,0.0
94,1002.74,671,3720,0.0
95,1002.74,677,3746,0.0
96,1002.74,685,3772,0.0
97,1002.74,691,3798,0.0
98,1002.74,698,3824,0.0
99,1002.74,705,3850,0.0
100,1002.74,712,3876,0.0
101,1002.74,719,3928,0.0
102,1002.74,725,3980,0.0
103,1002.74,732,4032,0.0
104,1002.74,739,4084,0.0
105,1002.74,745,4136,0.0
106,1002.74,752,4188,0.0
107,1002.74,760,4240,0.0
108,1002.74,767,4292,0.0
109,1002.74,774,4344,0.0
110,1002.74,780,4396,0.0
111,1002.74,787,4448,0.0
112,1002.74,794,4500,0.0
113,1002.74,801,4552,0.0
114,1002.74,808,4604,0.0
115,1002.74,814,4656,0.0
116,1002.74,821,4708,0.0
117,1002.74,829,4760,0.0
118,1002.74,836,4812,0.0
119,1002.74,843,4864,0.0
120,1002.74,850,4916,0.0
121,1002.74,857,4968,0.0
122,1002.74,863,5020,0.0
123,1002.74,870,5072,0.0
124,1002.74,877,5124,0.0
125,1002.74,884,5176,0.0
126,1002.74,891,5228,0.0
127,1002.74,898,5280,0.0
128,1002.74,905,5332,0.0
129,1002.74,912,5384,0.0
130,1002.74,920,5436,0.0
131,1002.74,927,5488,0.0
132,1002.74,934,5540,0.0
133,1002.74,942,5592,0.0
134,1002.74,950,5644,0.0
135,1002.74,957,5696,0.0
136,1002.74,965,5748,0.0
137,1002.74,973,5800,0.0
138,1002.74,982,5852,0.0
139,1002.74,989,5904,0.0
140,1002.74,997,5956,0.0
141,1002.74,1005,6008,0.0
142,1002.74,1012,6060,0.0
143,1002.74,1019,6112,0.0
144,1002.74,1026,6164,0.0
145,1002.74,1034,6216,0.0
146,1002.74,1041,6268,0.0
147,1002.74,1048,6320,0.0
148,1002.74,1058,6372,0.0
149,1002.74,1067,6424,0.0
150,1002.74,1077,6476,0.0
151,1002.74,1086,6554,0.0
152,1002.74,1097,6632,0.0
153,1002.74,1106,6710,0.0
154,1002.74,1116,6788,0.0
155,1002.74,1125,6866,0.0
156,1002.74,1134,6944,0.0
157,1002.74,1143,7022,0.0
158,1002.74,1150,7100,0.0
159,1002.74,1158,7178,0.0
160,1002.74,1167,7256,0.0
161,1002.74,1175,7334,0.0
162,1002.74,1182,7412,0.0
163,1002.74,1190,7490,0.0
164,1002.74,1198,7568,0.0
165,1002.74,1206,7646,0.0
166,1002.74,1214,7724,0.0
167,1002.74,1222,7802,0.0
168,1002.74,1229,7880,0.0
169,1002.74,1237,7958,0.0
170,1002.74,1245,8036,0.0
171,1002.74,1253,8114,0.0
172,1002.74,1261,8192,0.0
173,1002.74,1268,8270,0.0
174,1002.74,1277,8348,0.0
175,1002.74,1285,8426,0.0
176,1002.74,1292,8504,0.0
177,1002.74,1299,8582,0.0
178,1002.74,1307,8660,0.0
179,1002.74,1314,8738,0.0
180,1002.74,1321,8816,0.0
181,1002.74,1329,8894,0.0
182,1002.74,1337,8972,0.0
183,1002.74,1344,9050,0.0
184,1002.74,1351,9128,0.0
185,1002.74,1358,9206,0.0
186,1002.74,1366,9284,0.0
187,1002.74,1374,9362,0.0
188,1002.74,1381,9440,0.0
189,1002.74,1388,9518,0.0
190,1002.74,1396,9596,0.0
191,1002.74,1403,9674,0.0
192,1002.74,1410,9752,0.0
193,1002.74,1418,9830,0.0
194,1002.74,1425,9908,0.0
195,1002.74,1432,9986,0.0
196,1002.74,1439,10064,0.0
197,1002.74,1446,10142,0.0
198,1002.74,1454,10220,0.0
199,1002.74,1461,10298,0.0
200,1002.74,1468,10376,0.0
201,1002.74,1476,10480,0.0
202,1002.74,1484,10584,0.0
203,991.575,1492,10688,3.650793650793651
204,991.575,1499,10792,3.650793650793651
205,991.575,1507,10896,3.650793650793651
206,991.575,1515,11000,3.650793650793651
207,991.575,1523,11104,3.650793650793651
208,991.575,1531,11208,3.650793650793651
209,991.575,1538,11312,3.650793650793651
210,991.575,1545,11416,3.650793650793651
211,991.575,1553,11520,3.650793650793651
212,991.575,1560,11624,3.650793650793651
213,991.575,1569,11728,3.650793650793651
214,991.575,1577,11832,3.650793650793651
215,991.575,1585,11936,3.650793650793651
216,991.575,1594,12040,3.650793650793651
217,991.575,1602,12144,3.650793650793651
218,991.575,1610,12248,3.650793650793651
219,991.575,1617,12352,3.650793650793651
220,991.575,1625,12456,3.650793650793651
221,991.575,1632,12560,3.650793650793651
222,991.575,1639,12664,3.650793650793651
223,991.575,1646,12768,3.650793650793651
224,991.575,1653,12872,3.650793650793651
225,991.575,1660,12976,3.650793650793651
226,991.575,1668,13080,3.650793650793651
227,991.575,1675,13184,3.650793650793651
228,991.575,1682,13288,3.650793650793651
229,991.575,1689,13392,3.650793650793651
230,991.575,1696,13496,3.650793650793651
231,991.575,1703,13600,3.650793650793651
232,991.575,1710,13704,3.650793650793651
233,991.575,1716,13808,3.650793650793651
234,991.575,1723,13912,3.650793650793651
235,991.575,1730,14016,3.650793650793651
236,991.575,1737,14120,3.650793650793651
237,991.575,1744,14224,3.650793650793651
238,991.575,1752,14328,3.650793650793651
239,991.575,1760,14432,3.650793650793651
240,991.575,1768,14536,3.650793650793651
241,991.575,1776,14640,3.650793650793651
242,991.575,1785,14744,3.650793650793651
243,991.575,1793,14848,3.650793650793651
244,991.575,1801,14952,3.650793650793651
245,991.575,1809,15056,3.650793650793651
246,991.575,1819,15160,3.650793650793651
247,991.575,1826,15264,3.650793650793651
248,991.575,1834,15368,3.650793650793651
249,991.575,1841,15472,3.650793650793651
250,991.575,1849,15576,3.650793650793651
251,991.575,1856,15706,3.650793650793651
252,991.575,1863,15836,3.650793650793651
253,991.575,1870,15966,3.650793650793651
254,991.575,1877,16096,3.650793650793651
255,991.575,1885,16226,3.650793650793651
256,991.575,1892,16356,3.650793650793651
257,991.575,1899,16486,3.650793650793651
258,991.575,1907,16616,3.650793650793651
259,991.575,1914,16746,3.650793650793651
260,991.575,1921,16876,3.650793650793651
261,991.575,1929,17006,3.650793650793651
262,991.575,1937,17136,3.650793650793651
263,991.575,1944,17266,3.650793650793651
264,991.575,1951,17396,3.650793650793651
265,991.575,1959,17526,3.650793650793651
266,991.575,1966,17656,3.650793650793651
267,991.575,1973,17786,3.650793650793651
268,991.575,1980,17916,3.650793650793651
269,991.575,1987,18046,3.650793650793651
270,991.575,1994,18176,3.650793650793651
271,991.575,2001,18306,3.650793650793651
272,991.575,2010,18436,3.650793650793651
273,991.575,2017,18566,3.650793650793651
274,991.575,2024,18696,3.650793650793651
275,991.575,2032,18826,3.650793650793651
276,991.575,2039,18956,3.650793650793651
277,991.575,2047,19086,3.650793650793651
278,964.324,2054,19216,4.380952380952381
279,964.324,2060,19346,4.380952380952381
280,964.324,2067,19476,4.380952380952381
281,964.324,2075,19606,4.380952380952381
282,964.324,2081,19736,4.380952380952381
283,964.324,2090,19866,4.380952380952381
284,964.324,2097,19996,4.380952380952381
285,964.324,2104,20126,4.380952380952381
286,964.324,2111,20256,4.380952380952381
287,964.324,2118,20386,4.380952380952381
288,964.324,2125,20516,4.380952380952381
289,964.324,2132,20646,4.380952380952381
290,964.324,2139,20776,4.380952380952381
291,964.324,2146,20906,4.380952380952381
292,964.324,2153,21036,4.380952380952381
293,964.324,2161,21166,4.380952380952381
294,964.324,2168,21296,4.380952380952381
295,964.324,2175,21426,4.380952380952381
296,964.324,2182,21556,4.380952380952381
297,964.324,2189,21686,4.380952380952381
298,964.324,2196,21816,4.380952380952381
299,964.324,2203,21946,4.380952380952381
300,964.324,2210,22076,4.380952380952381
301,964.324,2218,22232,4.380952380952381
302,964.324,2225,22388,4.380952380952381
303,964.324,2233,22544,4.380952380952381
304,964.324,2241,22700,4.380952380952381
305,964.324,2248,22856,4.380952380952381
306,964.324,2255,23012,4.380952380952381
307,964.324,2262,23168,4.380952380952381
308,964.324,2269,23324,4.380952380952381
309,964.324,2276,23480,4.380952380952381
310,964.324,2283,23636,4.380952380952381
311,964.324,2290,23792,4.380952380952381
312,964.324,2297,23948,4.380952380952381
313,964.324,2306,24104,4.380952380952381
314,964.324,2313,24260,4.380952380952381
315,964.324,2320,24416,4.380952380952381
316,964.324,2330,24572,4.380952380952381
317,964.324,2338,24728,4.380952380952381
318,964.324,2345,24884,4.380952380952381
319,964.324,2353,25040,4.380952380952381
320,964.324,2362,25196,4.380952380952381
321,964.324,2370,25352,4.380952380952381
322,964.324,2378,25508,4.380952380952381
323,964.324,2386,25664,4.380952380952381
324,964.324,2393,25820,4.380952380952381
325,964.324,2401,25976,4.380952380952381
326,964.324,2409,26132,4.380952380952381
327,964.324,2416,26288,4.380952380952381
328,964.324,2423,26444,4.380952380952381
329,964.324,2431,26600,4.380952380952381
330,964.324,2438,26756,4.380952380952381
331,964.324,2446,26912,4.380952380952381
332,964.324,2454,27068,4.380952380952381
333,964.324,2461,27224,4.380952380952381
334,964.324,2469,27380,4.380952380952381
335,964.324,2477,27536,4.380952380952381
336,964.324,2484,27692,4.380952380952381
337,964.324,2491,27848,4.380952380952381
338,964.324,2498,28004,4.380952380952381
339,964.324,2505,28160,4.380952380952381
340,964.324,2512,28316,4.380952380952381
341,964.324,2520,28472,4.380952380952381
342,964.324,2527,28628,4.380952380952381
343,964.324,2534,28784,4.380952380952381
344,964.324,2542,28940,4.380952380952381
345,964.324,2549,29096,4.380952380952381
346,964.324,2556,29252,4.380952380952381
347,964.324,2562,29408,4.380952380952381
348,964.324,2570,29564,4.380952380952381
349,964.324,2577,29720,4.380952380952381
350,964.324,2586,29876,4.380952380952381
351,964.324,2594,30058,4.380952380952381
352,964.324,2602,30240,4.380952380952381
353,964.324,2610,30422,4.380952380952381
354,964.324,2618,30604,4.380952380952381
355,964.324,2625,30786,4.380952380952381
356,964.324,2633,30968,4.380952380952381
357,964.324,2641,31150,4.380952380952381
358,964.324,2648,31332,4.380952380952381
359,964.324,2656,31514,4.380952380952381
360,964.324,2665,31696,4.380952380952381
361,964.324,2675,31878,4.380952380952381
362,964.324,2683,32060,4.380952380952381
363,964.324,2691,32242,4.380952380952381
364,964.324,2698,32424,4.380952380952381
365,964.324,2706,32606,4.380952380952381
366,964.324,2714,32788,4.380952380952381
367,964.324,2721,32970,4.380952380952381
368,964.324,2729,33152,4.380952380952381
369,964.324,2736,33334,4.380952380952381
370,964.324,2743,33516,4.380952380952381
371,964.324,2751,33698,4.380952380952381
372,964.324,2758,33880,4.380952380952381
373,964.324,2765,34062,4.380952380952381
374,964.324,2774,34244,4.380952380952381
375,964.324,2782,34426,4.380952380952381
376,964.324,2790,34608,4.380952380952381
377,964.324,2797,34790,4.380952380952381
378,964.324,2804,34972,4.380952380952381
379,964.324,2812,35154,4.380952380952381
380,964.324,2819,35336,4.380952380952381
381,964.324,2828,35518,4.380952380952381
382,964.324,2838,35700,4.380952380952381
383,964.324,2847,35882,4.380952380952381
384,964.324,2855,36064,4.380952380952381
385,964.324,2863,36246,4.380952380952381
386,964.324,2870,36428,4.380952380952381
387,964.324,2878,36610,4.380952380952381
388,964.324,2885,36792,4.380952380952381
389,964.324,2893,36974,4.380952380952381
390,964.324,2903,37156,4.380952380952381
391,964.324,2911,37338,4.380952380952381
392,964.324,2918,37520,4.380952380952381
393,964.324,2926,37702,4.380952380952381
394,964.324,2933,37884,4.380952380952381
395,964.324,2940,38066,4.380952380952381
396,964.324,2947,38248,4.380952380952381
397,964.324,2954,38430,4.380952380952381
398,964.324,2961,38612,4.380952380952381
399,964.324,2968,38794,4.380952380952381
400,964.324,2975,38976,4.380952380952381
401,964.324,2983,39184,4.380952380952381
402,964.324,2990,39392,4.380952380952381
403,964.324,2997,39600,4.380952380952381
404,964.324,3005,39808,4.380952380952381
405,964.324,3013,40016,4.380952380952381
406,964.324,3020,40224,4.380952380952381
407,964.324,3028,40432,4.380952380952381
408,964.324,3036,40640,4.380952380952381
409,964.324,3044,40848,4.380952380952381
410,964.324,3051,41056,4.380952380952381
411,964.324,3058,41264,4.380952380952381
412,964.324,3066,41472,4.380952380952381
413,964.324,3074,41680,4.380952380952381
414,964.324,3081,41888,4.380952380952381
415,964.324,3089,42096,4.380952380952381
416,964.324,3096,42304,4.380952380952381
417,964.324,3104,42512,4.380952380952381
418,964.324,3111,42720,4.380952380952381
419,964.324,3119,42928,4.380952380952381
420,964.324,3126,43136,4.380952380952381
421,964.324,3134,43344,4.380952380952381
422,964.324,3141,43552,4.380952380952381
423,964.324,3149,43760,4.380952380952381
424,964.324,3156,43968,4.380952380952381
425,964.324,3163,44176,4.380952380952381
426,964.324,3172,44384,4.380952380952381
427,964.324,3179,44592,4.380952380952381
428,964.324,3187,44800,4.380952380952381
429,964.324,3194,45008,4.380952380952381
430,964.324,3201,45216,4.380952380952381
431,964.324,3209,45424,4.380952380952381
432,964.324,3216,45632,4.380952380952381
433,964.324,3223,45840,4.380952380952381
434,964.324,3231,46048,4.380952380952381
435,964.324,3239,46256,4.380952380952381
436,964.324,3246,46464,4.380952380952381
437,964.324,3254,46672,4.380952380952381
438,964.324,3261,46880,4.380952380952381
439,964.324,3269,47088,4.380952380952381
440,964.324,3276,47296,4.380952380952381
441,964.324,3284,47504,4.380952380952381
442,964.324,3291,47712,4.380952380952381
443,964.324,3298,47920,4.380952380952381
444,964.324,3307,48128,4.380952380952381
445,964.324,3314,48336,4.380952380952381
446,964.324,3322,48544,4.380952380952381
447,964.324,3329,48752,4.380952380952381
448,964.324,3337,48960,4.380952380952381
449,964.324,3345,49168,4.380952380952381
450,964.324,3354,49376,4.380952380952381
451,964.324,3363,49610,4.380952380952381
452,964.324,3371,49844,4.380952380952381
453,964.324,3380,50078,4.380952380952381
454,964.324,3389,50312,4.380952380952381
455,964.324,3397,50546,4.380952380952381
456,964.324,3405,50780,4.380952380952381
457,964.324,3413,51014,4.380952380952381
458,964.324,3421,51248,4.380952380952381
459,964.324,3429,51482,4.380952380952381
460,964.324,3436,51716,4.380952380952381
461,964.324,3445,51950,4.380952380952381
462,964.324,3453,52184,4.380952380952381
463,964.324,3461,52418,4.380952380952381
464,964.324,3468,52652,4.380952380952381
465,964.324,3476,52886,4.380952380952381
466,964.324,3484,53120,4.380952380952381
467,964.324,3493,53354,4.380952380952381
468,964.324,3501,53588,4.380952380952381
469,964.324,3508,53822,4.380952380952381
470,964.324,3516,54056,4.380952380952381
471,964.324,3525,54290,4.380952380952381
472,964.324,3533,54524,4.380952380952381
473,964.324,3542,54758,4.380952380952381
474,964.324,3550,54992,4.380952380952381
475,964.324,3558,55226,4.380952380952381
476,964.324,3565,55460,4.380952380952381
477,964.324,3574,55694,4.380952380952381
478,964.324,3582,55928,4.380952380952381
479,964.324,3589,56162,4.380952380952381
480,964.324,3597,56396,4.380952380952381
481,964.324,3604,56630,4.380952380952381
482,964.324,3612,56864,4.380952380952381
483,964.324,3620,57098,4.380952380952381
484,964.324,3627,57332,4.380952380952381
485,964.324,3635,57566,4.380952380952381
486,964.324,3643,57800,4.380952380952381
487,964.324,3651,58034,4.380952380952381
488,964.324,3659,58268,4.380952380952381
489,964.324,3667,58502,4.380952380952381
490,964.324,3674,58736,4.380952380952381
491,964.324,3682,58970,4.380952380952381
492,964.324,3691,59204,4.380952380952381
493,964.324,3698,59438,4.380952380952381
494,964.324,3706,59672,4.380952380952381
495,964.324,3714,59906,4.380952380952381
496,964.324,3721,60140,4.380952380952381
497,964.324,3729,60374,4.380952380952381
498,964.324,3736,60608,4.380952380952381
499,964.324,3744,60842,4.380952380952381
500,964.324,3751,61076,4.380952380952381
501,964.324,3759,61336,4.380952380952381
502,964.324,3767,61596,4.380952380952381
503,964.324,3774,61856,4.380952380952381
504,964.324,3782,62116,4.380952380952381
505,964.324,3791,62376,4.380952380952381
506,964.324,3799,62636,4.380952380952381
507,964.324,3807,62896,4.380952380952381
508,964.324,3816,63156,4.380952380952381
509,964.324,3823,63416,4.380952380952381
510,964.324,3831,63676,4.380952380952381
511,964.324,3840,63936,4.380952380952381
512,964.324,3847,64196,4.380952380952381
513,964.324,3857,64456,4.380952380952381
514,964.324,3866,64716,4.380952380952381
515,964.324,3874,64976,4.380952380952381
516,964.324,3882,65236,4.380952380952381
517,964.324,3893,65496,4.380952380952381
518,964.324,3901,65756,4.380952380952381
519,964.324,3910,66016,4.380952380952381
520,964.324,3917,66276,4.380952380952381
521,964.324,3925,66536,4.380952380952381
522,964.324,3934,66796,4.380952380952381
523,964.324,3942,67056,4.380952380952381
524,964.324,3949,67316,4.380952380952381
525,964.324,3957,67576,4.380952380952381
526,964.324,3965,67836,4.380952380952381
527,964.324,3972,68096,4.380952380952381
528,964.324,3980,68356,4.380952380952381
529,964.324,3988,68616,4.380952380952381
530,964.324,3996,68876,4.380952380952381
531,964.324,4003,69136,4.380952380952381
532,964.324,4010,69396,4.380952380952381
533,964.324,4019,69656,4.380952380952381
534,964.324,4027,69916,4.380952380952381
535,964.324,4034,70176,4.380952380952381
536,964.324,4043,70436,4.380952380952381
537,964.324,4051,70696,4.380952380952381
538,964.324,4059,70956,4.380952380952381
539,964.324,4067,71216,4.380952380952381
540,964.324,4074,71476,4.380952380952381
541,964.324,4082,71736,4.380952380952381
542,964.324,4090,71996,4.380952380952381
543,964.324,4098,72256,4.380952380952381
544,964.324,4105,72516,4.380952380952381
545,964.324,4113,72776,4.380952380952381
546,964.324,4121,73036,4.380952380952381
547,964.324,4129,73296,4.380952380952381
548,964.324,4136,73556,4.380952380952381
549,964.324,4144,73816,4.380952380952381
550,964.324,4153,74076,4.380952380952381
551,964.324,4161,74362,4.380952380952381
552,964.324,4169,74648,4.380952380952381
553,964.324,4177,74934,4.380952380952381
554,964.324,4185,75220,4.380952380952381
555,964.324,4193,75506,4.380952380952381
556,964.324,4202,75792,4.380952380952381
557,964.324,4210,76078,4.380952380952381
558,964.324,4217,76364,4.380952380952381
559,964.324,4225,76650,4.380952380952381
560,964.324,4233,76936,4.380952380952381
561,964.324,4241,77222,4.380952380952381
562,964.324,4248,77508,4.380952380952381
563,964.324,4257,77794,4.380952380952381
564,964.324,4265,78080,4.380952380952381
565,964.324,4273,78366,4.380952380952381
566,964.324,4281,78652,4.380952380952381
567,964.324,4289,78938,4.380952380952381
568,964.324,4296,79224,4.380952380952381
569,964.324,4304,79510,4.380952380952381
570,964.324,4312,79796,4.380952380952381
571,964.324,4320,80082,4.380952380952381
572,964.324,4328,80368,4.380952380952381
573,964.324,4336,80654,4.380952380952381
574,964.324,4345,80940,4.380952380952381
575,964.324,4354,81226,4.380952380952381
576,964.324,4364,81512,4.380952380952381
577,964.324,4373,81798,4.380952380952381
578,964.324,4382,82084,4.380952380952381
579,964.324,4391,82370,4.380952380952381
580,964.324,4401,82656,4.380952380952381
581,964.324,4409,82942,4.380952380952381
582,964.324,4418,83228,4.380952380952381
583,964.324,4426,83514,4.380952380952381
584,964.324,4435,83800,4.380952380952381
585,964.324,4443,84086,4.380952380952381
586,964.324,4452,84372,4.380952380952381
587,964.324,4460,84658,4.380952380952381
588,964.324,4469,84944,4.380952380952381
589,964.324,4477,85230,4.380952380952381
590,964.324,4485,85516,4.380952380952381
591,964.324,4493,85802,4.380952380952381
592,964.324,4501,86088,4.380952380952381
593,964.324,4509,86374,4.380952380952381
594,964.324,4517,86660,4.380952380952381
595,964.324,4525,86946,4.380952380952381
596,964.324,4533,87232,4.380952380952381
597,964.324,4540,87518,4.380952380952381
598,964.324,4548,87804,4.380952380952381
599,964.324,4557,88090,4.380952380952381
600,964.324,4566,88376,4.380952380952381
601,964.324,4574,88688,4.380952380952381
602,964.324,4582,89000,4.380952380952381
603,964.324,4590,89312,4.380952380952381
604,964.324,4598,89624,4.380952380952381
605,964.324,4606,89936,4.380952380952381
606,964.324,4614,90248,4.380952380952381
607,964.324,4622,90560,4.380952380952381
608,964.324,4630,90872,4.380952380952381
609,964.324,4638,91184,4.380952380952381
610,964.324,4646,91496,4.380952380952381
611,964.324,4655,91808,4.380952380952381
612,964.324,4664,92120,4.380952380952381
613,964.324,4672,92432,4.380952380952381
614,964.324,4680,92744,4.380952380952381
615,964.324,4689,93056,4.380952380952381
616,964.324,4697,93368,4.380952380952381
617,964.324,4705,93680,4.380952380952381
618,964.324,4714,93992,4.380952380952381
619,964.324,4721,94304,4.380952380952381
620,964.324,4729,94616,4.380952380952381
621,964.324,4737,94928,4.380952380952381
622,964.324,4746,95240,4.380952380952381
623,964.324,4754,95552,4.380952380952381
624,964.324,4762,95864,4.380952380952381
625,964.324,4770,96176,4.380952380952381
626,964.324,4778,96488,4.380952380952381
627,964.324,4786,96800,4.380952380952381
628,964.324,4794,97112,4.380952380952381
629,964.324,4802,97424,4.380952380952381
630,964.324,4810,97736,4.380952380952381
631,964.324,4818,98048,4.380952380952381
632,964.324,4826,98360,4.380952380952381
633,964.324,4833,98672,4.380952380952381
634,964.324,4842,98984,4.380952380952381
635,964.324,4851,99296,4.380952380952381
636,964.324,4859,99608,4.380952380952381
637,964.324,4867,99920,4.380952380952381
638,964.324,4875,100232,4.380952380952381
639,964.324,4883,100544,4.380952380952381
640,964.324,4892,100856,4.380952380952381
641,964.324,4900,101168,4.380952380952381
642,964.324,4909,101480,4.380952380952381
643,964.324,4919,101792,4.380952380952381
644,964.324,4927,102104,4.380952380952381
645,964.324,4938,102416,4.380952380952381
646,964.324,4948,102728,4.380952380952381
647,964.324,4957,103040,4.380952380952381
648,964.324,4965,103352,4.380952380952381
649,964.324,4973,103664,4.380952380952381
650,964.324,4981,103976,4.380952380952381
651,964.324,4989,104314,4.380952380952381
652,964.324,4997,104652,4.380952380952381
653,964.324,5005,104990,4.380952380952381
654,964.324,5013,105328,4.380952380952381
655,964.324,5022,105666,4.380952380952381
656,964.324,5030,106004,4.380952380952381
657,964.324,5039,106342,4.380952380952381
658,964.324,5047,106680,4.380952380952381
659,964.324,5055,107018,4.380952380952381
660,964.324,5063,107356,4.380952380952381
661,964.324,5071,107694,4.380952380952381
662,964.324,5079,108032,4.380952380952381
663,964.324,5088,108370,4.380952380952381
664,964.324,5095,108708,4.380952380952381
665,964.324,5104,109046,4.380952380952381
666,964.324,5113,109384,4.380952380952381
667,964.324,5121,109722,4.380952380952381
668,964.324,5129,110060,4.380952380952381
669,964.324,5136,110398,4.380952380952381
670,964.324,5144,110736,4.380952380952381
671,964.324,5152,111074,4.380952380952381
672,964.324,5161,111412,4.380952380952381
673,964.324,5169,111750,4.380952380952381
674,964.324,5177,112088,4.380952380952381
675,964.324,5185,112426,4.380952380952381
676,964.324,5194,112764,4.380952380952381
677,964.324,5202,113102,4.380952380952381
678,964.324,5210,113440,4.380952380952381
679,964.324,5218,113778,4.380952380952381
680,964.324,5226,114116,4.380952380952381
681,964.324,5234,114454,4.380952380952381
682,964.324,5242,114792,4.380952380952381
683,964.324,5250,115130,4.380952380952381
684,964.324,5258,115468,4.380952380952381
685,964.324,5268,115806,4.380952380952381
686,964.324,5277,116144,4.380952380952381
687,964.324,5285,116482,4.380952380952381
688,964.324,5294,116820,4.380952380952381
689,964.324,5302,117158,4.380952380952381
690,964.324,5311,117496,4.380952380952381
691,964.324,5320,117834,4.380952380952381
692,964.324,5329,118172,4.380952380952381
693,964.324,5338,118510,4.380952380952381
694,964.324,5347,118848,4.380952380952381
695,964.324,5356,119186,4.380952380952381
696,964.324,5364,119524,4.380952380952381
697,964.324,5373,119862,4.380952380952381
698,964.324,5381,120200,4.380952380952381
699,964.324,5389,120538,4.380952380952381
700,964.324,5398,120876,4.380952380952381
701,964.324,5406,121240,4.380952380952381
702,964.324,5416,121604,4.380952380952381
703,964.324,5425,121968,4.380952380952381
704,964.324,5435,122332,4.380952380952381
705,964.324,5444,122696,4.380952380952381
706,964.324,5454,123060,4.380952380952381
707,964.324,5463,123424,4.380952380952381
708,964.324,5471,123788,4.380952380952381
709,964.324,5479,124152,4.380952380952381
710,964.324,5488,124516,4.380952380952381
711,964.324,5496,124880,4.380952380952381
712,964.324,5505,125244,4.380952380952381
713,964.324,5513,125608,4.380952380952381
714,964.324,5522,125972,4.380952380952381
715,964.324,5530,126336,4.380952380952381
716,964.324,5538,126700,4.380952380952381
717,964.324,5547,127064,4.380952380952381
718,964.324,5555,127428,4.380952380952381
719,964.324,5564,127792,4.380952380952381
720,964.324,5573,128156,4.380952380952381
721,964.324,5582,128520,4.380952380952381
722,964.324,5591,128884,4.380952380952381
723,964.324,5599,129248,4.380952380952381
724,964.324,5608,129612,4.380952380952381
725,964.324,5615,129976,4.380952380952381
726,964.324,5624,130340,4.380952380952381
727,964.324,5632,130704,4.380952380952381
728,964.324,5640,131068,4.380952380952381
729,964.324,5649,131432,4.380952380952381
730,964.324,5657,131796,4.380952380952381
731,964.324,5665,132160,4.380952380952381
732,964.324,5673,132524,4.380952380952381
733,964.324,5681,132888,4.380952380952381
734,964.324,5690,133252,4.380952380952381
735,964.324,5699,133616,4.380952380952381
736,964.324,5707,133980,4.380952380952381
737,964.324,5715,134344,4.380952380952381
738,964.324,5724,134708,4.380952380952381
739,964.324,5733,135072,4.380952380952381
740,964.324,5741,135436,4.380952380952381
741,964.324,5749,135800,4.380952380952381
742,964.324,5757,136164,4.380952380952381
743,964.324,5765,136528,4.380952380952381
744,964.324,5773,136892,4.380952380952381
745,964.324,5781,137256,4.380952380952381
746,964.324,5790,137620,4.380952380952381
747,964.324,5799,137984,4.380952380952381
748,964.324,5807,138348,4.380952380952381
749,964.324,5815,138712,4.380952380952381
750,964.324,5823,139076,4.380952380952381
751,964.324,5832,139466,4.380952380952381
752,964.324,5840,139856,4.380952380952381
753,964.324,5850,140246,4.380952380952381
754,964.324,5859,140636,4.380952380952381
755,964.324,5868,141026,4.380952380952381
756,964.324,5876,141416,4.380952380952381
757,964.324,5885,141806,4.380952380952381
758,964.324,5893,142196,4.380952380952381
759,964.324,5902,142586,4.380952380952381
760,964.324,5911,142976,4.380952380952381
761,964.324,5922,143366,4.380952380952381
762,964.324,5931,143756,4.380952380952381
763,964.324,5940,144146,4.380952380952381
764,964.324,5950,144536,4.380952380952381
765,964.324,5960,144926,4.380952380952381
766,964.324,5968,145316,4.380952380952381
767,964.324,5977,145706,4.380952380952381
768,964.324,5985,146096,4.380952380952381
769,964.324,5995,146486,4.380952380952381
770,964.324,6003,146876,4.380952380952381
771,964.324,6012,147266,4.380952380952381
772,964.324,6020,147656,4.380952380952381
773,964.324,6029,148046,4.380952380952381
774,964.324,6036,148436,4.380952380952381
775,964.324,6045,148826,4.380952380952381
776,964.324,6054,149216,4.380952380952381
777,964.324,6063,149606,4.380952380952381
778,964.324,6071,149996,4.380952380952381
779,964.324,6079,150386,4.380952380952381
780,964.324,6088,150776,4.380952380952381
781,964.324,6096,151166,4.380952380952381
782,964.324,6104,151556,4.380952380952381
783,964.324,6113,151946,4.380952380952381
784,964.324,6122,152336,4.380952380952381
785,964.324,6130,152726,4.380952380952381
786,964.324,6139,153116,4.380952380952381
787,964.324,6148,153506,4.380952380952381
788,964.324,6157,153896,4.380952380952381
789,964.324,6165,154286,4.380952380952381
790,964.324,6176,154676,4.380952380952381
791,964.324,6185,155066,4.380952380952381
792,964.324,6193,155456,4.380952380952381
793,964.324,6203,155846,4.380952380952381
794,964.324,6212,156236,4.380952380952381
795,964.324,6220,156626,4.380952380952381
796,964.324,6229,157016,4.380952380952381
797,964.324,6238,157406,4.380952380952381
798,964.324,6246,157796,4.380952380952381
799,964.324,6256,158186,4.380952380952381
800,964.324,6264,158576,4.380952380952381
801,964.324,6273,158992,4.380952380952381
802,964.324,6281,159408,4.380952380952381
803,964.324,6290,159824,4.380952380952381
804,964.324,6298,160240,4.380952380952381
805,964.324,6307,160656,4.380952380952381
806,964.324,6316,161072,4.380952380952381
807,964.324,6325,161488,4.380952380952381
808,964.324,6333,161904,4.380952380952381
809,964.324,6343,162320,4.380952380952381
810,964.324,6352,162736,4.380952380952381
811,964.324,6361,163152,4.380952380952381
812,964.324,6370,163568,4.380952380952381
813,964.324,6378,163984,4.380952380952381
814,964.324,6387,164400,4.380952380952381
815,964.324,6396,164816,4.380952380952381
816,964.324,6405,165232,4.380952380952381
817,964.324,6415,165648,4.380952380952381
818,964.324,6425,166064,4.380952380952381
819,964.324,6434,166480,4.380952380952381
820,964.324,6443,166896,4.380952380952381
821,964.324,6455,167312,4.380952380952381
822,964.324,6463,167728,4.380952380952381
823,964.324,6472,168144,4.380952380952381
824,964.324,6481,168560,4.380952380952381
825,964.324,6489,168976,4.380952380952381
826,964.324,6498,169392,4.380952380952381
827,964.324,6506,169808,4.380952380952381
828,964.324,6518,170224,4.380952380952381
829,964.324,6529,170640,4.380952380952381
830,964.324,6538,171056,4.380952380952381
831,964.324,6546,171472,4.380952380952381
832,964.324,6555,171888,4.380952380952381
833,964.324,6565,172304,4.380952380952381
834,964.324,6574,172720,4.380952380952381
835,964.324,6582,173136,4.380952380952381
836,964.324,6590,173552,4.380952380952381
837,964.324,6599,173968,4.380952380952381
838,964.324,6607,174384,4.380952380952381
839,964.324,6615,174800,4.380952380952381
840,964.324,6623,175216,4.380952380952381
841,964.324,6631,175632,4.380952380952381
842,964.324,6639,176048,4.380952380952381
843,964.324,6647,176464,4.380952380952381
844,964.324,6656,176880,4.380952380952381
845,964.324,6665,177296,4.380952380952381
846,964.324,6673,177712,4.380952380952381
847,964.324,6681,178128,4.380952380952381
848,964.324,6689,178544,4.380952380952381
849,964.324,6697,178960,4.380952380952381
850,964.324,6704,179376,4.380952380952381
851,964.324,6712,179818,4.380952380952381
852,964.324,6720,180260,4.380952380952381
853,964.324,6728,180702,4.380952380952381
854,964.324,6736,181144,4.380952380952381
855,964.324,6744,181586,4.380952380952381
856,964.324,6751,182028,4.380952380952381
857,964.324,6760,182470,4.380952380952381
858,964.324,6768,182912,4.380952380952381
859,964.324,6776,183354,4.380952380952381
860,964.324,6784,183796,4.380952380952381
861,964.324,6792,184238,4.380952380952381
862,964.324,6800,184680,4.380952380952381
863,964.324,6808,185122,4.380952380952381
864,964.324,6816,185564,4.380952380952381
865,964.324,6824,186006,4.380952380952381
866,964.324,6832,186448,4.380952380952381
867,964.324,6840,186890,4.380952380952381
868,964.324,6848,187332,4.380952380952381
869,964.324,6857,187774,4.380952380952381
870,964.324,6865,188216,4.380952380952381
871,964.324,6873,188658,4.380952380952381
872,964.324,6881,189100,4.380952380952381
873,964.324,6889,189542,4.380952380952381
874,964.324,6897,189984,4.380952380952381
875,964.324,6905,190426,4.380952380952381
876,964.324,6913,190868,4.380952380952381
877,964.324,6922,191310,4.380952380952381
878,964.324,6931,191752,4.380952380952381
879,964.324,6940,192194,4.380952380952381
880,964.324,6949,192636,4.380952380952381
881,964.324,6958,193078,4.380952380952381
882,964.324,6967,193520,4.380952380952381
883,964.324,6976,193962,4.380952380952381
884,964.324,6983,194404,4.380952380952381
885,964.324,6992,194846,4.380952380952381
886,964.324,6999,195288,4.380952380952381
887,964.324,7007,195730,4.380952380952381
888,964.324,7015,196172,4.380952380952381
889,964.324,7024,196614,4.380952380952381
890,964.324,7032,197056,4.380952380952381
891,964.324,7041,197498,4.380952380952381
892,964.324,7049,197940,4.380952380952381
893,964.324,7057,198382,4.380952380952381
894,964.324,7066,198824,4.380952380952381
895,964.324,7075,199266,4.380952380952381
896,964.324,7083,199708,4.380952380952381
897,964.324,7091,200150,4.380952380952381
898,964.324,7099,200592,4.380952380952381
899,964.324,7106,201034,4.380952380952381
900,964.324,7114,201476,4.380952380952381
901,964.324,7122,201944,4.380952380952381
902,964.324,7131,202412,4.380952380952381
903,964.324,7139,202880,4.380952380952381
904,964.324,7147,203348,4.380952380952381
905,964.324,7154,203816,4.380952380952381
906,964.324,7162,204284,4.380952380952381
907,964.324,7170,204752,4.380952380952381
908,964.324,7177,205220,4.380952380952381
909,964.324,7185,205688,4.380952380952381
910,964.324,7194,206156,4.380952380952381
911,964.324,7202,206624,4.380952380952381
912,964.324,7210,207092,4.380952380952381
913,964.324,7219,207560,4.380952380952381
914,964.324,7226,208028,4.380952380952381
915,964.324,7234,208496,4.380952380952381
916,964.324,7242,208964,4.380952380952381
917,964.324,7249,209432,4.380952380952381
918,964.324,7257,209900,4.380952380952381
919,964.324,7264,210368,4.380952380952381
920,964.324,7272,210836,4.380952380952381
921,964.324,7280,211304,4.380952380952381
922,964.324,7287,211772,4.380952380952381
923,964.324,7296,212240,4.380952380952381
924,964.324,7303,212708,4.380952380952381
925,964.324,7312,213176,4.380952380952381
926,964.324,7319,213644,4.380952380952381
927,964.324,7327,214112,4.380952380952381
928,964.324,7335,214580,4.380952380952381
929,964.324,7342,215048,4.380952380952381
930,964.324,7350,215516,4.380952380952381
931,964.324,7358,215984,4.380952380952381
932,964.324,7365,216452,4.380952380952381
933,964.324,7374,216920,4.380952380952381
934,964.324,7382,217388,4.380952380952381
935,964.324,7390,217856,4.380952380952381
936,964.324,7397,218324,4.380952380952381
937,964.324,7406,218792,4.380952380952381
938,964.324,7414,219260,4.380952380952381
939,964.324,7422,219728,4.380952380952381
940,964.324,7431,220196,4.380952380952381
941,964.324,7439,220664,4.380952380952381
942,964.324,7447,221132,4.380952380952381
943,964.324,7455,221600,4.380952380952381
944,964.324,7466,222068,4.380952380952381
945,964.324,7474,222536,4.380952380952381
946,964.324,7481,223004,4.380952380952381
947,964.324,7489,223472,4.380952380952381
948,964.324,7496,223940,4.380952380952381
949,964.324,7504,224408,4.380952380952381
950,964.324,7512,224876,4.380952380952381
951,964.324,7520,225370,4.380952380952381
952,964.324,7527,225864,4.380952380952381
953,964.324,7536,226358,4.380952380952381
954,964.324,7543,226852,4.380952380952381
955,964.324,7551,227346,4.380952380952381
956,964.324,7559,227840,4.380952380952381
957,964.324,7568,228334,4.380952380952381
958,964.324,7576,228828,4.380952380952381
959,964.324,7584,229322,4.380952380952381
960,964.324,7592,229816,4.380952380952381
961,964.324,7599,230310,4.380952380952381
962,964.324,7607,230804,4.380952380952381
963,964.324,7615,231298,4.380952380952381
964,964.324,7623,231792,4.380952380952381
965,964.324,7630,232286,4.380952380952381
966,964.324,7638,232780,4.380952380952381
967,964.324,7646,233274,4.380952380952381
968,964.324,7654,233768,4.380952380952381
969,964.324,7661,234262,4.380952380952381
970,964.324,7669,234756,4.380952380952381
971,964.324,7676,235250,4.380952380952381
972,964.324,7685,235744,4.380952380952381
973,964.324,7692,236238,4.380952380952381
974,964.324,7700,236732,4.380952380952381
975,964.324,7708,237226,4.380952380952381
976,964.324,7715,237720,4.380952380952381
977,964.324,7723,238214,4.380952380952381
978,964.324,7730,238708,4.380952380952381
979,964.324,7737,239202,4.380952380952381
980,964.324,7745,239696,4.380952380952381
981,964.324,7752,240190,4.380952380952381
982,964.324,7759,240684,4.380952380952381
983,964.324,7767,241178,4.380952380952381
984,964.324,7775,241672,4.380952380952381
985,964.324,7783,242166,4.380952380952381
986,964.324,7790,242660,4.380952380952381
987,964.324,7797,243154,4.380952380952381
988,964.324,7805,243648,4.380952380952381
989,964.324,7813,244142,4.380952380952381
990,964.324,7820,244636,4.380952380952381
991,964.324,7828,245130,4.380952380952381
992,964.324,7835,245624,4.380952380952381
993,964.324,7843,246118,4.380952380952381
994,964.324,7850,246612,4.380952380952381
995,964.324,7858,247106,4.380952380952381
996,964.324,7867,247600,4.380952380952381
997,964.324,7874,248094,4.380952380952381
998,964.324,7882,248588,4.380952380952381
999,964.324,7890,249082,4.380952380952381
1000,964.324,7898,249576,4.380952380952381
