1,2088.01,10,13,1.950354609929078
2,2058.5,22,25,4.432624113475177
3,2058.5,34,37,4.432624113475177
4,2058.5,46,49,4.432624113475177
5,2058.5,59,61,4.432624113475177
6,2058.5,73,73,4.432624113475177
7,2046.48,86,85,5.053191489361701
8,2046.48,99,97,5.053191489361701
9,2046.48,111,109,5.053191489361701
10,2046.48,124,121,5.053191489361701
11,1983.87,137,133,4.609929078014184
12,1983.87,151,145,4.609929078014184
13,1983.87,164,157,4.609929078014184
14,1983.87,177,169,4.609929078014184
15,1983.87,190,181,4.609929078014184
16,1983.87,204,193,4.609929078014184
17,1983.87,218,205,4.609929078014184
18,1983.87,232,217,4.609929078014184
19,1983.87,246,229,4.609929078014184
20,1983.87,259,241,4.609929078014184
21,1983.87,272,253,4.609929078014184
22,1983.87,285,265,4.609929078014184
23,1983.87,298,277,4.609929078014184
24,1983.87,311,289,4.609929078014184
25,1983.87,325,301,4.609929078014184
26,1983.87,339,313,4.609929078014184
27,1983.87,352,325,4.609929078014184
28,1983.87,365,337,4.609929078014184
29,1983.87,377,349,4.609929078014184
30,1983.87,390,361,4.609929078014184
31,1983.87,403,373,4.609929078014184
32,1983.87,418,385,4.609929078014184
33,1983.87,431,397,4.609929078014184
34,1983.87,444,409,4.609929078014184
35,1983.87,457,421,4.609929078014184
36,1983.87,471,433,4.609929078014184
37,1983.87,484,445,4.609929078014184
38,1983.87,497,457,4.609929078014184
39,1983.87,511,469,4.609929078014184
40,1983.87,524,481,4.609929078014184
41,1983.87,539,493,4.609929078014184
42,1983.87,552,505,4.609929078014184
43,1983.87,565,517,4.609929078014184
44,1983.87,579,529,4.609929078014184
45,1983.87,594,541,4.609929078014184
46,1983.87,608,553,4.609929078014184
47,1983.87,621,565,4.609929078014184
48,1983.87,635,577,4.609929078014184
49,1983.87,648,589,4.609929078014184
50,1983.87,661,601,4.609929078014184
51,1983.87,674,613,4.609929078014184
52,1983.87,687,625,4.609929078014184
53,1983.87,700,637,4.609929078014184
54,1983.87,714,649,4.609929078014184
55,1983.87,727,661,4.609929078014184
56,1983.87,741,673,4.609929078014184
57,1983.87,755,685,4.609929078014184
58,1983.87,769,697,4.609929078014184
59,1983.87,782,709,4.609929078014184
60,1983.87,795,721,4.609929078014184
61,1983.87,809,733,4.609929078014184
62,1983.87,822,745,4.609929078014184
63,1983.87,835,757,4.609929078014184
64,1983.87,849,769,4.609929078014184
65,1983.87,863,781,4.609929078014184
66,1983.87,878,793,4.609929078014184
67,1983.87,891,805,4.609929078014184
68,1983.87,904,817,4.609929078014184
69,1983.87,918,829,4.609929078014184
70,1983.87,932,841,4.609929078014184
71,1983.87,946,853,4.609929078014184
72,1983.87,960,865,4.609929078014184
73,1983.87,974,877,4.609929078014184
74,1983.87,989,889,4.609929078014184
75,1983.87,1003,901,4.609929078014184
76,1983.87,1017,913,4.609929078014184
77,1983.87,1031,925,4.609929078014184
78,1983.87,1046,937,4.609929078014184
79,1983.87,1060,949,4.609929078014184
80,1983.87,1074,961,4.609929078014184
81,1983.87,1088,973,4.609929078014184
82,1983.87,1103,985,4.609929078014184
83,1983.28,1117,997,6.826241134751773
84,1983.28,1132,1009,6.826241134751773
85,1983.28,1147,1021,6.826241134751773
86,1983.28,1161,1033,6.826241134751773
87,1983.28,1175,1045,6.826241134751773
88,1983.28,1189,1057,6.826241134751773
89,1983.28,1204,1069,6.826241134751773
90,1983.28,1218,1081,6.826241134751773
91,1983.28,1232,1093,6.826241134751773
92,1983.28,1245,1105,6.826241134751773
93,1983.28,1258,1117,6.826241134751773
94,1983.28,1271,1129,6.826241134751773
95,1983.28,1284,1141,6.826241134751773
96,1983.28,1297,1153,6.826241134751773
97,1983.28,1314,1165,6.826241134751773
98,1983.28,1327,1177,6.826241134751773
99,1983.28,1340,1189,6.826241134751773
100,1983.28,1353,1201,6.826241134751773
101,1983.28,1367,1225,6.826241134751773
102,1983.28,1380,1249,6.826241134751773
103,1983.28,1393,1273,6.826241134751773
104,1983.28,1407,1297,6.826241134751773
105,1983.28,1420,1321,6.826241134751773
106,1983.28,1435,1345,6.826241134751773
107,1983.28,1448,1369,6.826241134751773
108,1983.28,1461,1393,6.826241134751773
109,1983.28,1475,1417,6.826241134751773
110,1983.28,1488,1441,6.826241134751773
111,1983.28,1502,1465,6.826241134751773
112,1983.28,1515,1489,6.826241134751773
113,1983.28,1529,1513,6.826241134751773
114,1983.28,1542,1537,6.826241134751773
115,1983.28,1555,1561,6.826241134751773
116,1983.28,1568,1585,6.826241134751773
117,1983.28,1581,1609,6.826241134751773
118,1983.28,1595,1633,6.826241134751773
119,1983.28,1608,1657,6.826241134751773
120,1983.28,1621,1681,6.826241134751773
121,1983.28,1634,1705,6.826241134751773
122,1983.28,1647,1729,6.826241134751773
123,1983.28,1660,1753,6.826241134751773
124,1983.28,1673,1777,6.826241134751773
125,1983.28,1688,1801,6.826241134751773
126,1983.28,1701,1825,6.826241134751773
127,1983.28,1716,1849,6.826241134751773
128,1983.28,1729,1873,6.826241134751773
129,1983.28,1742,1897,6.826241134751773
130,1983.28,1756,1921,6.826241134751773
131,1983.28,1770,1945,6.826241134751773
132,1983.28,1783,1969,6.826241134751773
133,1983.28,1796,1993,6.826241134751773
134,1983.28,1810,2017,6.826241134751773
135,1983.28,1824,2041,6.826241134751773
136,1983.28,1837,2065,6.826241134751773
137,1983.28,1850,2089,6.826241134751773
138,1983.28,1863,2113,6.826241134751773
139,1983.28,1878,2137,6.826241134751773
140,1983.28,1891,2161,6.826241134751773
141,1983.28,1904,2185,6.826241134751773
142,1983.28,1917,2209,6.826241134751773
143,1983.28,1930,2233,6.826241134751773
144,1983.28,1943,2257,6.826241134751773
145,1983.28,1956,2281,6.826241134751773
146,1983.28,1970,2305,6.826241134751773
147,1983.28,1984,2329,6.826241134751773
148,1983.28,1997,2353,6.826241134751773
149,1983.28,2010,2377,6.826241134751773
150,1983.28,2024,2401,6.826241134751773
151,1983.28,2038,2437,6.826241134751773
152,1983.28,2052,2473,6.826241134751773
153,1983.28,2067,2509,6.826241134751773
154,1983.28,2083,2545,6.826241134751773
155,1983.28,2097,2581,6.826241134751773
156,1983.28,2110,2617,6.826241134751773
157,1983.28,2123,2653,6.826241134751773
158,1983.28,2137,2689,6.826241134751773
159,1983.28,2150,2725,6.826241134751773
160,1983.28,2164,2761,6.826241134751773
161,1983.28,2180,2797,6.826241134751773
162,1983.28,2194,2833,6.826241134751773
163,1983.28,2207,2869,6.826241134751773
164,1983.28,2220,2905,6.826241134751773
165,1983.28,2234,2941,6.826241134751773
166,1983.28,2247,2977,6.826241134751773
167,1983.28,2260,3013,6.826241134751773
168,1972.12,2273,3049,5.49645390070922
169,1972.12,2287,3085,5.49645390070922
170,1972.12,2302,3121,5.49645390070922
171,1972.12,2316,3157,5.49645390070922
172,1972.12,2330,3193,5.49645390070922
173,1972.12,2343,3229,5.49645390070922
174,1972.12,2356,3265,5.49645390070922
175,1972.12,2370,3301,5.49645390070922
176,1972.12,2383,3337,5.49645390070922
177,1972.12,2396,3373,5.49645390070922
178,1972.12,2410,3409,5.49645390070922
179,1955.6866666666665,2423,3445,4.432624113475177
180,1955.6866666666665,2436,3481,4.432624113475177
181,1955.6866666666665,2450,3517,4.432624113475177
182,1955.6866666666665,2464,3553,4.432624113475177
183,1955.6866666666665,2479,3589,4.432624113475177
184,1955.6866666666665,2493,3625,4.432624113475177
185,1955.6866666666665,2507,3661,4.432624113475177
186,1955.6866666666665,2522,3697,4.432624113475177
187,1955.6866666666665,2535,3733,4.432624113475177
188,1955.6866666666665,2548,3769,4.432624113475177
189,1955.6866666666665,2562,3805,4.432624113475177
190,1955.6866666666665,2575,3841,4.432624113475177
191,1955.6866666666665,2588,3877,4.432624113475177
192,1955.6866666666665,2601,3913,4.432624113475177
193,1955.6866666666665,2615,3949,4.432624113475177
194,1955.6866666666665,2629,3985,4.432624113475177
195,1955.6866666666665,2642,4021,4.432624113475177
196,1955.6866666666665,2655,4057,4.432624113475177
197,1955.6866666666665,2669,4093,4.432624113475177
198,1955.6866666666665,2682,4129,4.432624113475177
199,1955.6866666666665,2695,4165,4.432624113475177
200,1955.6866666666665,2709,4201,4.432624113475177
201,1955.6866666666665,2723,4249,4.432624113475177
202,1955.6866666666665,2738,4297,4.432624113475177
203,1955.6866666666665,2752,4345,4.432624113475177
204,1955.6866666666665,2767,4393,4.432624113475177
205,1955.6866666666665,2782,4441,4.432624113475177
206,1955.6866666666665,2795,4489,4.432624113475177
207,1955.6866666666665,2810,4537,4.432624113475177
208,1955.6866666666665,2825,4585,4.432624113475177
209,1955.6866666666665,2840,4633,4.432624113475177
210,1955.6866666666665,2854,4681,4.432624113475177
211,1955.6866666666665,2867,4729,4.432624113475177
212,1955.6866666666665,2881,4777,4.432624113475177
213,1955.6866666666665,2894,4825,4.432624113475177
214,1955.6866666666665,2907,4873,4.432624113475177
215,1955.6866666666665,2921,4921,4.432624113475177
216,1955.6866666666665,2936,4969,4.432624113475177
217,1955.6866666666665,2950,5017,4.432624113475177
218,1955.6866666666665,2964,5065,4.432624113475177
219,1955.6866666666665,2977,5113,4.432624113475177
220,1955.6866666666665,2990,5161,4.432624113475177
221,1955.6866666666665,3003,5209,4.432624113475177
222,1955.6866666666665,3016,5257,4.432624113475177
223,1955.6866666666665,3031,5305,4.432624113475177
224,1955.6866666666665,3045,5353,4.432624113475177
225,1955.6866666666665,3059,5401,4.432624113475177
226,1955.6866666666665,3072,5449,4.432624113475177
227,1955.6866666666665,3085,5497,4.432624113475177
228,1955.6866666666665,3098,5545,4.432624113475177
229,1955.6866666666665,3112,5593,4.432624113475177
230,1955.6866666666665,3131,5641,4.432624113475177
231,1955.6866666666665,3151,5689,4.432624113475177
232,1955.6866666666665,3168,5737,4.432624113475177
233,1955.6866666666665,3187,5785,4.432624113475177
234,1955.6866666666665,3204,5833,4.432624113475177
235,1955.6866666666665,3219,5881,4.432624113475177
236,1955.6866666666665,3236,5929,4.432624113475177
237,1955.6866666666665,3252,5977,4.432624113475177
238,1955.6866666666665,3269,6025,4.432624113475177
239,1955.6866666666665,3283,6073,4.432624113475177
240,1955.6866666666665,3297,6121,4.432624113475177
241,1955.6866666666665,3311,6169,4.432624113475177
242,1955.6866666666665,3326,6217,4.432624113475177
243,1955.6866666666665,3340,6265,4.432624113475177
244,1955.6866666666665,3354,6313,4.432624113475177
245,1955.6866666666665,3368,6361,4.432624113475177
246,1955.6866666666665,3384,6409,4.432624113475177
247,1955.6866666666665,3397,6457,4.432624113475177
248,1955.6866666666665,3411,6505,4.432624113475177
249,1955.6866666666665,3425,6553,4.432624113475177
250,1955.6866666666665,3439,6601,4.432624113475177
251,1955.6866666666665,3456,6661,4.432624113475177
252,1955.6866666666665,3471,6721,4.432624113475177
253,1955.6866666666665,3484,6781,4.432624113475177
254,1955.6866666666665,3499,6841,4.432624113475177
255,1955.6866666666665,3515,6901,4.432624113475177
256,1955.6866666666665,3529,6961,4.432624113475177
257,1955.6866666666665,3543,7021,4.432624113475177
258,1955.6866666666665,3557,7081,4.432624113475177
259,1955.6866666666665,3571,7141,4.432624113475177
260,1955.6866666666665,3586,7201,4.432624113475177
261,1955.6866666666665,3601,7261,4.432624113475177
262,1955.6866666666665,3615,7321,4.432624113475177
263,1955.6866666666665,3629,7381,4.432624113475177
264,1955.6866666666665,3644,7441,4.432624113475177
265,1955.6866666666665,3658,7501,4.432624113475177
266,1955.6866666666665,3672,7561,4.432624113475177
267,1955.6866666666665,3687,7621,4.432624113475177
268,1955.6866666666665,3701,7681,4.432624113475177
269,1955.6866666666665,3716,7741,4.432624113475177
270,1955.6866666666665,3733,7801,4.432624113475177
271,1955.6866666666665,3750,7861,4.432624113475177
272,1955.6866666666665,3767,7921,4.432624113475177
273,1955.6866666666665,3791,7981,4.432624113475177
274,1955.6866666666665,3818,8041,4.432624113475177
275,1955.6866666666665,3859,8101,4.432624113475177
276,1955.6866666666665,3897,8161,4.432624113475177
277,1955.6866666666665,3949,8221,4.432624113475177
278,1955.6866666666665,3980,8281,4.432624113475177
279,1955.6866666666665,4007,8341,4.432624113475177
280,1952.618,4033,8401,4.8936170212765955
281,1952.618,4060,8461,4.8936170212765955
282,1952.618,4096,8521,4.8936170212765955
283,1952.618,4132,8581,4.8936170212765955
284,1952.618,4184,8641,4.8936170212765955
285,1952.618,4231,8701,4.8936170212765955
286,1952.618,4258,8761,4.8936170212765955
287,1917.4080000000001,4282,8821,5.602836879432624
288,1917.4080000000001,4310,8881,5.602836879432624
289,1917.4080000000001,4334,8941,5.602836879432624
290,1917.4080000000001,4359,9001,5.602836879432624
291,1917.4080000000001,4383,9061,5.602836879432624
292,1917.4080000000001,4407,9121,5.602836879432624
293,1917.4080000000001,4428,9181,5.602836879432624
294,1917.4080000000001,4450,9241,5.602836879432624
295,1917.4080000000001,4470,9301,5.602836879432624
296,1917.4080000000001,4488,9361,5.602836879432624
297,1917.4080000000001,4506,9421,5.602836879432624
298,1917.4080000000001,4523,9481,5.602836879432624
299,1917.4080000000001,4540,9541,5.602836879432624
300,1917.4080000000001,4556,9601,5.602836879432624
301,1917.4080000000001,4572,9673,5.602836879432624
302,1917.4080000000001,4589,9745,5.602836879432624
303,1917.4080000000001,4607,9817,5.602836879432624
304,1917.4080000000001,4624,9889,5.602836879432624
305,1917.4080000000001,4642,9961,5.602836879432624
306,1917.4080000000001,4659,10033,5.602836879432624
307,1917.4080000000001,4675,10105,5.602836879432624
308,1917.4080000000001,4693,10177,5.602836879432624
309,1917.4080000000001,4710,10249,5.602836879432624
310,1917.4080000000001,4729,10321,5.602836879432624
311,1917.4080000000001,4746,10393,5.602836879432624
312,1917.4080000000001,4763,10465,5.602836879432624
313,1917.4080000000001,4780,10537,5.602836879432624
314,1917.4080000000001,4804,10609,5.602836879432624
315,1917.4080000000001,4827,10681,5.602836879432624
316,1917.4080000000001,4849,10753,5.602836879432624
317,1917.4080000000001,4866,10825,5.602836879432624
318,1917.4080000000001,4882,10897,5.602836879432624
319,1917.4080000000001,4897,10969,5.602836879432624
320,1917.4080000000001,4911,11041,5.602836879432624
321,1917.4080000000001,4926,11113,5.602836879432624
322,1917.4080000000001,4942,11185,5.602836879432624
323,1917.4080000000001,4956,11257,5.602836879432624
324,1917.4080000000001,4971,11329,5.602836879432624
325,1917.4080000000001,4986,11401,5.602836879432624
326,1917.4080000000001,5001,11473,5.602836879432624
327,1917.4080000000001,5017,11545,5.602836879432624
328,1917.4080000000001,5033,11617,5.602836879432624
329,1917.4080000000001,5048,11689,5.602836879432624
330,1917.4080000000001,5062,11761,5.602836879432624
331,1917.4080000000001,5076,11833,5.602836879432624
332,1917.4080000000001,5090,11905,5.602836879432624
333,1917.4080000000001,5106,11977,5.602836879432624
334,1917.4080000000001,5120,12049,5.602836879432624
335,1917.4080000000001,5133,12121,5.602836879432624
336,1917.4080000000001,5148,12193,5.602836879432624
337,1917.4080000000001,5163,12265,5.602836879432624
338,1917.4080000000001,5178,12337,5.602836879432624
339,1917.4080000000001,5192,12409,5.602836879432624
340,1917.4080000000001,5206,12481,5.602836879432624
341,1917.4080000000001,5221,12553,5.602836879432624
342,1917.4080000000001,5237,12625,5.602836879432624
343,1917.4080000000001,5252,12697,5.602836879432624
344,1917.4080000000001,5267,12769,5.602836879432624
345,1917.4080000000001,5282,12841,5.602836879432624
346,1917.4080000000001,5296,12913,5.602836879432624
347,1917.4080000000001,5311,12985,5.602836879432624
348,1917.4080000000001,5326,13057,5.602836879432624
349,1917.4080000000001,5342,13129,5.602836879432624
350,1917.4080000000001,5355,13201,5.602836879432624
351,1917.4080000000001,5370,13285,5.602836879432624
352,1917.4080000000001,5384,13369,5.602836879432624
353,1917.4080000000001,5400,13453,5.602836879432624
354,1917.4080000000001,5414,13537,5.602836879432624
355,1917.4080000000001,5430,13621,5.602836879432624
356,1917.4080000000001,5444,13705,5.602836879432624
357,1917.4080000000001,5458,13789,5.602836879432624
358,1917.4080000000001,5472,13873,5.602836879432624
359,1917.4080000000001,5486,13957,5.602836879432624
360,1917.4080000000001,5500,14041,5.602836879432624
361,1917.4080000000001,5515,14125,5.602836879432624
362,1917.4080000000001,5529,14209,5.602836879432624
363,1917.4080000000001,5543,14293,5.602836879432624
364,1917.4080000000001,5557,14377,5.602836879432624
365,1917.4080000000001,5570,14461,5.602836879432624
366,1917.4080000000001,5585,14545,5.602836879432624
367,1917.4080000000001,5599,14629,5.602836879432624
368,1917.4080000000001,5614,14713,5.602836879432624
369,1917.4080000000001,5629,14797,5.602836879432624
370,1917.4080000000001,5643,14881,5.602836879432624
371,1917.4080000000001,5657,14965,5.602836879432624
372,1904.4685714285713,5671,15049,4.25531914893617
373,1904.4685714285713,5685,15133,4.25531914893617
374,1904.4685714285713,5699,15217,4.25531914893617
375,1904.4685714285713,5713,15301,4.25531914893617
376,1904.4685714285713,5729,15385,4.25531914893617
377,1904.4685714285713,5742,15469,4.25531914893617
378,1904.4685714285713,5756,15553,4.25531914893617
379,1904.4685714285713,5769,15637,4.25531914893617
380,1904.4685714285713,5783,15721,4.25531914893617
381,1904.4685714285713,5798,15805,4.25531914893617
382,1904.4685714285713,5813,15889,4.25531914893617
383,1904.4685714285713,5828,15973,4.25531914893617
384,1904.4685714285713,5842,16057,4.25531914893617
385,1904.4685714285713,5858,16141,4.25531914893617
386,1881.5628571428574,5872,16225,4.331306990881459
387,1881.5628571428574,5886,16309,4.331306990881459
388,1881.5628571428574,5900,16393,4.331306990881459
389,1881.5628571428574,5915,16477,4.331306990881459
390,1881.5628571428574,5928,16561,4.331306990881459
391,1881.5628571428574,5942,16645,4.331306990881459
392,1881.5628571428574,5956,16729,4.331306990881459
393,1881.5628571428574,5971,16813,4.331306990881459
394,1881.5628571428574,5985,16897,4.331306990881459
395,1881.5628571428574,5999,16981,4.331306990881459
396,1881.5628571428574,6013,17065,4.331306990881459
397,1881.5628571428574,6027,17149,4.331306990881459
398,1881.5628571428574,6041,17233,4.331306990881459
399,1881.5628571428574,6055,17317,4.331306990881459
400,1881.5628571428574,6072,17401,4.331306990881459
401,1881.5628571428574,6086,17497,4.331306990881459
402,1881.5628571428574,6100,17593,4.331306990881459
403,1881.5628571428574,6114,17689,4.331306990881459
404,1881.5628571428574,6128,17785,4.331306990881459
405,1881.5628571428574,6141,17881,4.331306990881459
406,1881.5628571428574,6155,17977,4.331306990881459
407,1881.5628571428574,6169,18073,4.331306990881459
408,1881.5628571428574,6184,18169,4.331306990881459
409,1881.5628571428574,6198,18265,4.331306990881459
410,1881.5628571428574,6212,18361,4.331306990881459
411,1881.5628571428574,6226,18457,4.331306990881459
412,1881.5628571428574,6240,18553,4.331306990881459
413,1881.5628571428574,6257,18649,4.331306990881459
414,1881.5628571428574,6272,18745,4.331306990881459
415,1881.5628571428574,6287,18841,4.331306990881459
416,1881.5628571428574,6302,18937,4.331306990881459
417,1881.5628571428574,6317,19033,4.331306990881459
418,1881.5628571428574,6331,19129,4.331306990881459
419,1881.5628571428574,6346,19225,4.331306990881459
420,1881.5628571428574,6360,19321,4.331306990881459
421,1881.5628571428574,6374,19417,4.331306990881459
422,1881.5628571428574,6389,19513,4.331306990881459
423,1881.5628571428574,6403,19609,4.331306990881459
424,1881.5628571428574,6417,19705,4.331306990881459
425,1881.5628571428574,6430,19801,4.331306990881459
426,1881.5628571428574,6444,19897,4.331306990881459
427,1881.5628571428574,6458,19993,4.331306990881459
428,1881.5628571428574,6472,20089,4.331306990881459
429,1881.5628571428574,6486,20185,4.331306990881459
430,1881.5628571428574,6500,20281,4.331306990881459
431,1881.5628571428574,6514,20377,4.331306990881459
432,1881.5628571428574,6527,20473,4.331306990881459
433,1881.5628571428574,6542,20569,4.331306990881459
434,1881.5628571428574,6555,20665,4.331306990881459
435,1881.5628571428574,6569,20761,4.331306990881459
436,1881.5628571428574,6584,20857,4.331306990881459
437,1881.5628571428574,6598,20953,4.331306990881459
438,1881.5628571428574,6612,21049,4.331306990881459
439,1881.5628571428574,6625,21145,4.331306990881459
440,1881.5628571428574,6640,21241,4.331306990881459
441,1881.5628571428574,6654,21337,4.331306990881459
442,1881.5628571428574,6670,21433,4.331306990881459
443,1881.5628571428574,6685,21529,4.331306990881459
444,1881.5628571428574,6700,21625,4.331306990881459
445,1881.5628571428574,6715,21721,4.331306990881459
446,1881.5628571428574,6730,21817,4.331306990881459
447,1881.5628571428574,6744,21913,4.331306990881459
448,1881.5628571428574,6759,22009,4.331306990881459
449,1881.5628571428574,6773,22105,4.331306990881459
450,1881.5628571428574,6787,22201,4.331306990881459
451,1881.5628571428574,6802,22309,4.331306990881459
452,1881.5628571428574,6817,22417,4.331306990881459
453,1881.5628571428574,6832,22525,4.331306990881459
454,1881.5628571428574,6848,22633,4.331306990881459
455,1881.5628571428574,6864,22741,4.331306990881459
456,1881.5628571428574,6907,22849,4.331306990881459
457,1881.5628571428574,6925,22957,4.331306990881459
458,1881.5628571428574,6943,23065,4.331306990881459
459,1881.5628571428574,6962,23173,4.331306990881459
460,1881.5628571428574,6992,23281,4.331306990881459
461,1881.5628571428574,7007,23389,4.331306990881459
462,1881.5628571428574,7021,23497,4.331306990881459
463,1881.5628571428574,7035,23605,4.331306990881459
464,1881.5628571428574,7049,23713,4.331306990881459
465,1881.5628571428574,7063,23821,4.331306990881459
466,1881.5628571428574,7078,23929,4.331306990881459
467,1881.5628571428574,7092,24037,4.331306990881459
468,1881.5628571428574,7106,24145,4.331306990881459
469,1881.5628571428574,7120,24253,4.331306990881459
470,1881.5628571428574,7134,24361,4.331306990881459
471,1881.5628571428574,7148,24469,4.331306990881459
472,1881.5628571428574,7162,24577,4.331306990881459
473,1881.5628571428574,7178,24685,4.331306990881459
474,1881.5628571428574,7192,24793,4.331306990881459
475,1881.5628571428574,7206,24901,4.331306990881459
476,1881.5628571428574,7220,25009,4.331306990881459
477,1881.5628571428574,7235,25117,4.331306990881459
478,1881.5628571428574,7249,25225,4.331306990881459
479,1881.5628571428574,7262,25333,4.331306990881459
480,1881.5628571428574,7276,25441,4.331306990881459
481,1881.5628571428574,7290,25549,4.331306990881459
482,1881.5628571428574,7305,25657,4.331306990881459
483,1881.5628571428574,7321,25765,4.331306990881459
484,1881.5628571428574,7339,25873,4.331306990881459
485,1881.5628571428574,7353,25981,4.331306990881459
486,1881.5628571428574,7368,26089,4.331306990881459
487,1881.5628571428574,7382,26197,4.331306990881459
488,1881.5628571428574,7399,26305,4.331306990881459
489,1881.5628571428574,7413,26413,4.331306990881459
490,1881.5628571428574,7427,26521,4.331306990881459
491,1881.5628571428574,7442,26629,4.331306990881459
492,1881.5628571428574,7457,26737,4.331306990881459
493,1881.5628571428574,7473,26845,4.331306990881459
494,1881.5628571428574,7487,26953,4.331306990881459
495,1881.5628571428574,7501,27061,4.331306990881459
496,1881.5628571428574,7516,27169,4.331306990881459
497,1881.5628571428574,7530,27277,4.331306990881459
498,1881.5628571428574,7545,27385,4.331306990881459
499,1881.5628571428574,7560,27493,4.331306990881459
500,1881.5628571428574,7574,27601,4.331306990881459
501,1881.5628571428574,7589,27721,4.331306990881459
502,1881.5628571428574,7605,27841,4.331306990881459
503,1881.5628571428574,7619,27961,4.331306990881459
504,1881.5628571428574,7632,28081,4.331306990881459
505,1881.5628571428574,7647,28201,4.331306990881459
506,1881.5628571428574,7661,28321,4.331306990881459
507,1881.5628571428574,7675,28441,4.331306990881459
508,1881.5628571428574,7689,28561,4.331306990881459
509,1881.5628571428574,7704,28681,4.331306990881459
510,1878.4360000000001,7719,28801,3.2180851063829783
511,1878.4360000000001,7734,28921,3.2180851063829783
512,1878.4360000000001,7748,29041,3.2180851063829783
513,1878.4360000000001,7762,29161,3.2180851063829783
514,1878.4360000000001,7776,29281,3.2180851063829783
515,1878.4360000000001,7790,29401,3.2180851063829783
516,1878.4360000000001,7805,29521,3.2180851063829783
517,1878.4360000000001,7821,29641,3.2180851063829783
518,1878.4360000000001,7836,29761,3.2180851063829783
519,1878.4360000000001,7851,29881,3.2180851063829783
520,1878.4360000000001,7865,30001,3.2180851063829783
521,1878.4360000000001,7880,30121,3.2180851063829783
522,1878.4360000000001,7895,30241,3.2180851063829783
523,1878.4360000000001,7910,30361,3.2180851063829783
524,1878.4360000000001,7924,30481,3.2180851063829783
525,1878.4360000000001,7937,30601,3.2180851063829783
526,1878.4360000000001,7952,30721,3.2180851063829783
527,1878.4360000000001,7966,30841,3.2180851063829783
528,1878.4360000000001,7982,30961,3.2180851063829783
529,1878.4360000000001,7995,31081,3.2180851063829783
530,1878.4360000000001,8009,31201,3.2180851063829783
531,1878.4360000000001,8023,31321,3.2180851063829783
532,1878.4360000000001,8038,31441,3.2180851063829783
533,1878.4360000000001,8053,31561,3.2180851063829783
534,1878.4360000000001,8067,31681,3.2180851063829783
535,1878.4360000000001,8081,31801,3.2180851063829783
536,1878.4360000000001,8095,31921,3.2180851063829783
537,1878.4360000000001,8109,32041,3.2180851063829783
538,1872.3170000000002,8124,32161,5.3900709219858145
539,1872.3170000000002,8140,32281,5.3900709219858145
540,1872.3170000000002,8155,32401,5.3900709219858145
541,1872.3170000000002,8169,32521,5.3900709219858145
542,1872.3170000000002,8184,32641,5.3900709219858145
543,1872.3170000000002,8200,32761,5.3900709219858145
544,1872.3170000000002,8215,32881,5.3900709219858145
545,1872.3170000000002,8229,33001,5.3900709219858145
546,1872.3170000000002,8243,33121,5.3900709219858145
547,1872.3170000000002,8257,33241,5.3900709219858145
548,1872.3170000000002,8271,33361,5.3900709219858145
549,1872.3170000000002,8286,33481,5.3900709219858145
550,1872.3170000000002,8301,33601,5.3900709219858145
551,1851.9227272727271,8317,33733,4.6421663442940035
552,1851.9227272727271,8332,33865,4.6421663442940035
553,1851.9227272727271,8348,33997,4.6421663442940035
554,1851.9227272727271,8365,34129,4.6421663442940035
555,1851.9227272727271,8381,34261,4.6421663442940035
556,1851.9227272727271,8395,34393,4.6421663442940035
557,1851.9227272727271,8409,34525,4.6421663442940035
558,1851.9227272727271,8424,34657,4.6421663442940035
559,1851.9227272727271,8438,34789,4.6421663442940035
560,1851.9227272727271,8452,34921,4.6421663442940035
561,1851.9227272727271,8466,35053,4.6421663442940035
562,1851.9227272727271,8479,35185,4.6421663442940035
563,1851.9227272727271,8500,35317,4.6421663442940035
564,1851.9227272727271,8516,35449,4.6421663442940035
565,1851.9227272727271,8534,35581,4.6421663442940035
566,1851.9227272727271,8550,35713,4.6421663442940035
567,1851.9227272727271,8568,35845,4.6421663442940035
568,1851.9227272727271,8584,35977,4.6421663442940035
569,1851.9227272727271,8600,36109,4.6421663442940035
570,1851.9227272727271,8615,36241,4.6421663442940035
571,1851.9227272727271,8630,36373,4.6421663442940035
572,1851.9227272727271,8645,36505,4.6421663442940035
573,1851.9227272727271,8662,36637,4.6421663442940035
574,1851.9227272727271,8676,36769,4.6421663442940035
575,1851.9227272727271,8691,36901,4.6421663442940035
576,1851.9227272727271,8706,37033,4.6421663442940035
577,1851.9227272727271,8721,37165,4.6421663442940035
578,1851.9227272727271,8736,37297,4.6421663442940035
579,1851.9227272727271,8752,37429,4.6421663442940035
580,1851.9227272727271,8767,37561,4.6421663442940035
581,1851.9227272727271,8782,37693,4.6421663442940035
582,1851.9227272727271,8797,37825,4.6421663442940035
583,1851.9227272727271,8812,37957,4.6421663442940035
584,1851.9227272727271,8826,38089,4.6421663442940035
585,1851.9227272727271,8841,38221,4.6421663442940035
586,1851.9227272727271,8857,38353,4.6421663442940035
587,1851.9227272727271,8873,38485,4.6421663442940035
588,1851.9227272727271,8887,38617,4.6421663442940035
589,1851.9227272727271,8903,38749,4.6421663442940035
590,1851.9227272727271,8918,38881,4.6421663442940035
591,1851.9227272727271,8932,39013,4.6421663442940035
592,1851.9227272727271,8947,39145,4.6421663442940035
593,1851.9227272727271,8962,39277,4.6421663442940035
594,1851.9227272727271,8976,39409,4.6421663442940035
595,1851.9227272727271,8992,39541,4.6421663442940035
596,1851.9227272727271,9008,39673,4.6421663442940035
597,1851.9227272727271,9023,39805,4.6421663442940035
598,1851.9227272727271,9038,39937,4.6421663442940035
599,1851.9227272727271,9054,40069,4.6421663442940035
600,1851.9227272727271,9068,40201,4.6421663442940035
601,1851.9227272727271,9083,40345,4.6421663442940035
602,1851.9227272727271,9098,40489,4.6421663442940035
603,1851.9227272727271,9113,40633,4.6421663442940035
604,1851.9227272727271,9133,40777,4.6421663442940035
605,1851.9227272727271,9148,40921,4.6421663442940035
606,1851.9227272727271,9164,41065,4.6421663442940035
607,1851.9227272727271,9179,41209,4.6421663442940035
608,1851.9227272727271,9195,41353,4.6421663442940035
609,1851.9227272727271,9210,41497,4.6421663442940035
610,1851.9227272727271,9226,41641,4.6421663442940035
611,1851.9227272727271,9242,41785,4.6421663442940035
612,1851.9227272727271,9258,41929,4.6421663442940035
613,1851.9227272727271,9276,42073,4.6421663442940035
614,1851.9227272727271,9292,42217,4.6421663442940035
615,1851.9227272727271,9307,42361,4.6421663442940035
616,1851.9227272727271,9323,42505,4.6421663442940035
617,1851.9227272727271,9338,42649,4.6421663442940035
618,1851.9227272727271,9355,42793,4.6421663442940035
619,1851.9227272727271,9370,42937,4.6421663442940035
620,1851.9227272727271,9385,43081,4.6421663442940035
621,1851.9227272727271,9400,43225,4.6421663442940035
622,1851.9227272727271,9415,43369,4.6421663442940035
623,1851.9227272727271,9432,43513,4.6421663442940035
624,1851.9227272727271,9448,43657,4.6421663442940035
625,1851.9227272727271,9463,43801,4.6421663442940035
626,1851.9227272727271,9478,43945,4.6421663442940035
627,1851.9227272727271,9494,44089,4.6421663442940035
628,1851.9227272727271,9509,44233,4.6421663442940035
629,1851.9227272727271,9524,44377,4.6421663442940035
630,1851.9227272727271,9540,44521,4.6421663442940035
631,1851.9227272727271,9557,44665,4.6421663442940035
632,1851.9227272727271,9573,44809,4.6421663442940035
633,1851.9227272727271,9588,44953,4.6421663442940035
634,1851.9227272727271,9603,45097,4.6421663442940035
635,1851.9227272727271,9618,45241,4.6421663442940035
636,1851.9227272727271,9633,45385,4.6421663442940035
637,1851.9227272727271,9648,45529,4.6421663442940035
638,1851.9227272727271,9664,45673,4.6421663442940035
639,1851.9227272727271,9680,45817,4.6421663442940035
640,1851.9227272727271,9695,45961,4.6421663442940035
641,1851.9227272727271,9710,46105,4.6421663442940035
642,1851.9227272727271,9724,46249,4.6421663442940035
643,1851.9227272727271,9738,46393,4.6421663442940035
644,1851.9227272727271,9752,46537,4.6421663442940035
645,1851.9227272727271,9766,46681,4.6421663442940035
646,1851.9227272727271,9781,46825,4.6421663442940035
647,1851.9227272727271,9795,46969,4.6421663442940035
648,1851.9227272727271,9810,47113,4.6421663442940035
649,1851.9227272727271,9825,47257,4.6421663442940035
650,1851.9227272727271,9839,47401,4.6421663442940035
651,1851.9227272727271,9854,47557,4.6421663442940035
652,1851.9227272727271,9868,47713,4.6421663442940035
653,1851.9227272727271,9882,47869,4.6421663442940035
654,1851.9227272727271,9896,48025,4.6421663442940035
655,1844.6084615384616,9911,48181,4.616748499727224
656,1844.6084615384616,9926,48337,4.616748499727224
657,1844.6084615384616,9941,48493,4.616748499727224
658,1844.6084615384616,9955,48649,4.616748499727224
659,1844.6084615384616,9969,48805,4.616748499727224
660,1844.6084615384616,9983,48961,4.616748499727224
661,1844.6084615384616,9997,49117,4.616748499727224
662,1844.6084615384616,10013,49273,4.616748499727224
663,1844.6084615384616,10027,49429,4.616748499727224
664,1844.6084615384616,10041,49585,4.616748499727224
665,1844.6084615384616,10056,49741,4.616748499727224
666,1844.6084615384616,10071,49897,4.616748499727224
667,1844.6084615384616,10087,50053,4.616748499727224
668,1844.6084615384616,10101,50209,4.616748499727224
669,1844.6084615384616,10116,50365,4.616748499727224
670,1844.6084615384616,10130,50521,4.616748499727224
671,1844.6084615384616,10144,50677,4.616748499727224
672,1844.6084615384616,10160,50833,4.616748499727224
673,1844.6084615384616,10174,50989,4.616748499727224
674,1844.6084615384616,10189,51145,4.616748499727224
675,1844.6084615384616,10203,51301,4.616748499727224
676,1844.6084615384616,10218,51457,4.616748499727224
677,1844.6084615384616,10232,51613,4.616748499727224
678,1844.6084615384616,10246,51769,4.616748499727224
679,1844.6084615384616,10260,51925,4.616748499727224
680,1844.6084615384616,10274,52081,4.616748499727224
681,1844.6084615384616,10289,52237,4.616748499727224
682,1844.6084615384616,10303,52393,4.616748499727224
683,1843.0546153846155,10318,52549,5.462356792144026
684,1843.0546153846155,10332,52705,5.462356792144026
685,1843.0546153846155,10346,52861,5.462356792144026
686,1843.0546153846155,10360,53017,5.462356792144026
687,1843.0546153846155,10374,53173,5.462356792144026
688,1843.0546153846155,10387,53329,5.462356792144026
689,1843.0546153846155,10402,53485,5.462356792144026
690,1843.0546153846155,10416,53641,5.462356792144026
691,1843.0546153846155,10430,53797,5.462356792144026
692,1843.0546153846155,10444,53953,5.462356792144026
693,1843.0546153846155,10458,54109,5.462356792144026
694,1843.0546153846155,10472,54265,5.462356792144026
695,1843.0546153846155,10485,54421,5.462356792144026
696,1843.0546153846155,10500,54577,5.462356792144026
697,1843.0546153846155,10513,54733,5.462356792144026
698,1843.0546153846155,10528,54889,5.462356792144026
699,1843.0546153846155,10541,55045,5.462356792144026
700,1843.0546153846155,10555,55201,5.462356792144026
701,1843.0546153846155,10569,55369,5.462356792144026
702,1843.0546153846155,10584,55537,5.462356792144026
703,1843.0546153846155,10598,55705,5.462356792144026
704,1843.0546153846155,10612,55873,5.462356792144026
705,1843.0546153846155,10626,56041,5.462356792144026
706,1843.0546153846155,10642,56209,5.462356792144026
707,1843.0546153846155,10657,56377,5.462356792144026
708,1843.0546153846155,10672,56545,5.462356792144026
709,1843.0546153846155,10686,56713,5.462356792144026
710,1843.0546153846155,10701,56881,5.462356792144026
711,1843.0546153846155,10716,57049,5.462356792144026
712,1843.0546153846155,10730,57217,5.462356792144026
713,1843.0546153846155,10744,57385,5.462356792144026
714,1843.0546153846155,10759,57553,5.462356792144026
715,1843.0546153846155,10773,57721,5.462356792144026
716,1843.0546153846155,10787,57889,5.462356792144026
717,1843.0546153846155,10801,58057,5.462356792144026
718,1843.0546153846155,10815,58225,5.462356792144026
719,1843.0546153846155,10828,58393,5.462356792144026
720,1843.0546153846155,10843,58561,5.462356792144026
721,1843.0546153846155,10857,58729,5.462356792144026
722,1843.0546153846155,10872,58897,5.462356792144026
723,1843.0546153846155,10887,59065,5.462356792144026
724,1843.0546153846155,10901,59233,5.462356792144026
725,1843.0546153846155,10918,59401,5.462356792144026
726,1843.0546153846155,10934,59569,5.462356792144026
727,1843.0546153846155,10948,59737,5.462356792144026
728,1843.0546153846155,10963,59905,5.462356792144026
729,1843.0546153846155,10977,60073,5.462356792144026
730,1843.0546153846155,10991,60241,5.462356792144026
731,1843.0546153846155,11005,60409,5.462356792144026
732,1843.0546153846155,11020,60577,5.462356792144026
733,1843.0546153846155,11034,60745,5.462356792144026
734,1838.3242857142857,11049,60913,4.5212765957446805
735,1838.3242857142857,11063,61081,4.5212765957446805
736,1838.3242857142857,11077,61249,4.5212765957446805
737,1838.3242857142857,11091,61417,4.5212765957446805
738,1838.3242857142857,11105,61585,4.5212765957446805
739,1838.3242857142857,11120,61753,4.5212765957446805
740,1838.3242857142857,11134,61921,4.5212765957446805
741,1838.3242857142857,11148,62089,4.5212765957446805
742,1838.3242857142857,11162,62257,4.5212765957446805
743,1838.3242857142857,11176,62425,4.5212765957446805
744,1838.3242857142857,11190,62593,4.5212765957446805
745,1838.3242857142857,11204,62761,4.5212765957446805
746,1838.3242857142857,11219,62929,4.5212765957446805
747,1838.3242857142857,11233,63097,4.5212765957446805
748,1838.3242857142857,11247,63265,4.5212765957446805
749,1838.3242857142857,11261,63433,4.5212765957446805
750,1838.3242857142857,11275,63601,4.5212765957446805
751,1838.3242857142857,11290,63781,4.5212765957446805
752,1838.3242857142857,11304,63961,4.5212765957446805
753,1838.3242857142857,11318,64141,4.5212765957446805
754,1838.3242857142857,11332,64321,4.5212765957446805
755,1838.3242857142857,11345,64501,4.5212765957446805
756,1838.3242857142857,11360,64681,4.5212765957446805
757,1838.3242857142857,11375,64861,4.5212765957446805
758,1832.5746666666666,11389,65041,6.719858156028369
759,1832.5746666666666,11403,65221,6.719858156028369
760,1832.5746666666666,11417,65401,6.719858156028369
761,1832.5746666666666,11431,65581,6.719858156028369
762,1832.5746666666666,11445,65761,6.719858156028369
763,1832.5746666666666,11459,65941,6.719858156028369
764,1827.7226666666668,11473,66121,4.462174940898346
765,1827.7226666666668,11487,66301,4.462174940898346
766,1827.7226666666668,11501,66481,4.462174940898346
767,1827.7226666666668,11515,66661,4.462174940898346
768,1827.7226666666668,11528,66841,4.462174940898346
769,1827.7226666666668,11543,67021,4.462174940898346
770,1827.4806666666666,11557,67201,5.656028368794327
771,1827.4806666666666,11571,67381,5.656028368794327
772,1827.4806666666666,11585,67561,5.656028368794327
773,1827.4806666666666,11599,67741,5.656028368794327
774,1827.4806666666666,11615,67921,5.656028368794327
775,1827.4806666666666,11629,68101,5.656028368794327
776,1826.977333333333,11643,68281,4.208037825059102
777,1826.977333333333,11658,68461,4.208037825059102
778,1826.977333333333,11673,68641,4.208037825059102
779,1826.977333333333,11687,68821,4.208037825059102
780,1826.977333333333,11702,69001,4.208037825059102
781,1826.977333333333,11717,69181,4.208037825059102
782,1826.977333333333,11731,69361,4.208037825059102
783,1826.977333333333,11745,69541,4.208037825059102
784,1826.977333333333,11759,69721,4.208037825059102
785,1826.977333333333,11773,69901,4.208037825059102
786,1826.977333333333,11787,70081,4.208037825059102
787,1826.977333333333,11801,70261,4.208037825059102
788,1826.977333333333,11816,70441,4.208037825059102
789,1826.977333333333,11831,70621,4.208037825059102
790,1826.3446666666666,11845,70801,5.023640661938534
791,1826.3446666666666,11859,70981,5.023640661938534
792,1826.3446666666666,11873,71161,5.023640661938534
793,1826.3446666666666,11887,71341,5.023640661938534
794,1823.4553333333336,11902,71521,4.326241134751772
795,1823.4553333333336,11916,71701,4.326241134751772
796,1823.4553333333336,11930,71881,4.326241134751772
797,1823.4553333333336,11943,72061,4.326241134751772
798,1823.4553333333336,11958,72241,4.326241134751772
799,1823.4553333333336,11972,72421,4.326241134751772
800,1823.4553333333336,11986,72601,4.326241134751772
801,1805.9325,12000,72793,3.8619237588652484
802,1805.9325,12015,72985,3.8619237588652484
803,1805.9325,12029,73177,3.8619237588652484
804,1805.9325,12043,73369,3.8619237588652484
805,1805.9325,12057,73561,3.8619237588652484
806,1805.9325,12071,73753,3.8619237588652484
807,1805.9325,12083,73945,3.8619237588652484
808,1805.9325,12096,74137,3.8619237588652484
809,1805.9325,12109,74329,3.8619237588652484
810,1805.9325,12121,74521,3.8619237588652484
811,1805.9325,12134,74713,3.8619237588652484
812,1805.9325,12148,74905,3.8619237588652484
813,1805.9325,12162,75097,3.8619237588652484
814,1805.9325,12175,75289,3.8619237588652484
815,1805.9325,12187,75481,3.8619237588652484
816,1805.9325,12200,75673,3.8619237588652484
817,1805.9325,12213,75865,3.8619237588652484
818,1805.9325,12226,76057,3.8619237588652484
819,1805.9325,12240,76249,3.8619237588652484
820,1805.9325,12252,76441,3.8619237588652484
821,1805.9325,12265,76633,3.8619237588652484
822,1805.9325,12286,76825,3.8619237588652484
823,1805.9325,12303,77017,3.8619237588652484
824,1805.9325,12318,77209,3.8619237588652484
825,1805.9325,12335,77401,3.8619237588652484
826,1805.9325,12351,77593,3.8619237588652484
827,1805.9325,12365,77785,3.8619237588652484
828,1805.9325,12379,77977,3.8619237588652484
829,1805.9325,12393,78169,3.8619237588652484
830,1805.9325,12407,78361,3.8619237588652484
831,1805.9325,12421,78553,3.8619237588652484
832,1805.9325,12435,78745,3.8619237588652484
833,1805.9325,12448,78937,3.8619237588652484
834,1805.9325,12461,79129,3.8619237588652484
835,1805.9325,12474,79321,3.8619237588652484
836,1805.9325,12488,79513,3.8619237588652484
837,1805.9325,12501,79705,3.8619237588652484
838,1805.9325,12513,79897,3.8619237588652484
839,1805.9325,12527,80089,3.8619237588652484
840,1805.9325,12540,80281,3.8619237588652484
841,1805.9325,12553,80473,3.8619237588652484
842,1804.9768749999998,12565,80665,3.9173315602836882
843,1804.9768749999998,12577,80857,3.9173315602836882
844,1804.9768749999998,12589,81049,3.9173315602836882
845,1804.9768749999998,12601,81241,3.9173315602836882
846,1804.9768749999998,12615,81433,3.9173315602836882
847,1804.9768749999998,12627,81625,3.9173315602836882
848,1804.9768749999998,12640,81817,3.9173315602836882
849,1804.9768749999998,12652,82009,3.9173315602836882
850,1804.9768749999998,12664,82201,3.9173315602836882
851,1804.9768749999998,12676,82405,3.9173315602836882
852,1804.9768749999998,12689,82609,3.9173315602836882
853,1804.9768749999998,12703,82813,3.9173315602836882
854,1804.9768749999998,12716,83017,3.9173315602836882
855,1804.9768749999998,12729,83221,3.9173315602836882
856,1804.9768749999998,12741,83425,3.9173315602836882
857,1804.9768749999998,12754,83629,3.9173315602836882
858,1804.9768749999998,12766,83833,3.9173315602836882
859,1804.9768749999998,12780,84037,3.9173315602836882
860,1804.9768749999998,12794,84241,3.9173315602836882
861,1804.9768749999998,12807,84445,3.9173315602836882
862,1804.9768749999998,12819,84649,3.9173315602836882
863,1804.9768749999998,12832,84853,3.9173315602836882
864,1804.2376470588235,12845,85057,5.814559866499792
865,1804.2376470588235,12858,85261,5.814559866499792
866,1804.2376470588235,12871,85465,5.814559866499792
867,1804.2376470588235,12883,85669,5.814559866499792
868,1804.2376470588235,12896,85873,5.814559866499792
869,1804.2376470588235,12909,86077,5.814559866499792
870,1804.2376470588235,12922,86281,5.814559866499792
871,1804.2376470588235,12934,86485,5.814559866499792
872,1804.2376470588235,12947,86689,5.814559866499792
873,1804.2376470588235,12960,86893,5.814559866499792
874,1804.2376470588235,12972,87097,5.814559866499792
875,1804.2376470588235,12984,87301,5.814559866499792
876,1804.2376470588235,12996,87505,5.814559866499792
877,1804.2376470588235,13007,87709,5.814559866499792
878,1804.2376470588235,13020,87913,5.814559866499792
879,1804.2376470588235,13032,88117,5.814559866499792
880,1804.2376470588235,13044,88321,5.814559866499792
881,1804.2376470588235,13056,88525,5.814559866499792
882,1804.2376470588235,13070,88729,5.814559866499792
883,1804.2376470588235,13083,88933,5.814559866499792
884,1804.2376470588235,13097,89137,5.814559866499792
885,1804.2376470588235,13110,89341,5.814559866499792
886,1804.2376470588235,13124,89545,5.814559866499792
887,1804.2376470588235,13137,89749,5.814559866499792
888,1804.2376470588235,13149,89953,5.814559866499792
889,1804.2376470588235,13161,90157,5.814559866499792
890,1804.2376470588235,13174,90361,5.814559866499792
891,1804.2376470588235,13187,90565,5.814559866499792
892,1804.2376470588235,13199,90769,5.814559866499792
893,1804.2376470588235,13211,90973,5.814559866499792
894,1804.2376470588235,13223,91177,5.814559866499792
895,1804.2376470588235,13235,91381,5.814559866499792
896,1804.2376470588235,13248,91585,5.814559866499792
897,1804.2376470588235,13260,91789,5.814559866499792
898,1803.6276470588234,13272,91993,4.761159783062161
899,1803.6276470588234,13285,92197,4.761159783062161
900,1803.6276470588234,13299,92401,4.761159783062161
901,1803.6276470588234,13311,92617,4.761159783062161
902,1803.6276470588234,13324,92833,4.761159783062161
903,1803.6276470588234,13337,93049,4.761159783062161
904,1803.6276470588234,13349,93265,4.761159783062161
905,1803.6276470588234,13361,93481,4.761159783062161
906,1803.6276470588234,13374,93697,4.761159783062161
907,1803.6276470588234,13385,93913,4.761159783062161
908,1803.6276470588234,13398,94129,4.761159783062161
909,1803.6276470588234,13410,94345,4.761159783062161
910,1800.762222222222,13422,94561,4.171591804570529
911,1800.762222222222,13434,94777,4.171591804570529
912,1800.762222222222,13445,94993,4.171591804570529
913,1800.762222222222,13456,95209,4.171591804570529
914,1800.762222222222,13468,95425,4.171591804570529
915,1800.762222222222,13479,95641,4.171591804570529
916,1800.762222222222,13492,95857,4.171591804570529
917,1800.762222222222,13504,96073,4.171591804570529
918,1800.762222222222,13516,96289,4.171591804570529
919,1800.762222222222,13529,96505,4.171591804570529
920,1800.762222222222,13548,96721,4.171591804570529
921,1800.762222222222,13564,96937,4.171591804570529
922,1800.762222222222,13576,97153,4.171591804570529
923,1800.762222222222,13589,97369,4.171591804570529
924,1800.762222222222,13603,97585,4.171591804570529
925,1800.762222222222,13616,97801,4.171591804570529
926,1800.762222222222,13628,98017,4.171591804570529
927,1800.762222222222,13641,98233,4.171591804570529
928,1800.762222222222,13653,98449,4.171591804570529
929,1800.762222222222,13666,98665,4.171591804570529
930,1800.762222222222,13678,98881,4.171591804570529
931,1800.762222222222,13691,99097,4.171591804570529
932,1800.762222222222,13704,99313,4.171591804570529
933,1800.762222222222,13717,99529,4.171591804570529
934,1800.762222222222,13729,99745,4.171591804570529
935,1794.322777777778,13740,99961,4.299645390070923
936,1794.322777777778,13752,100177,4.299645390070923
937,1794.322777777778,13764,100393,4.299645390070923
938,1794.322777777778,13776,100609,4.299645390070923
939,1794.322777777778,13791,100825,4.299645390070923
940,1794.322777777778,13803,101041,4.299645390070923
941,1794.322777777778,13814,101257,4.299645390070923
942,1794.322777777778,13826,101473,4.299645390070923
943,1794.322777777778,13838,101689,4.299645390070923
944,1794.322777777778,13851,101905,4.299645390070923
945,1794.322777777778,13863,102121,4.299645390070923
946,1794.322777777778,13875,102337,4.299645390070923
947,1794.322777777778,13888,102553,4.299645390070923
948,1794.322777777778,13901,102769,4.299645390070923
949,1794.322777777778,13914,102985,4.299645390070923
950,1794.322777777778,13926,103201,4.299645390070923
951,1794.322777777778,13937,103429,4.299645390070923
952,1794.322777777778,13949,103657,4.299645390070923
953,1794.322777777778,13961,103885,4.299645390070923
954,1794.322777777778,13974,104113,4.299645390070923
955,1794.322777777778,13987,104341,4.299645390070923
956,1794.322777777778,13999,104569,4.299645390070923
957,1794.322777777778,14010,104797,4.299645390070923
958,1794.322777777778,14022,105025,4.299645390070923
959,1794.322777777778,14033,105253,4.299645390070923
960,1794.322777777778,14047,105481,4.299645390070923
961,1794.322777777778,14060,105709,4.299645390070923
962,1794.322777777778,14072,105937,4.299645390070923
963,1794.322777777778,14084,106165,4.299645390070923
964,1794.322777777778,14096,106393,4.299645390070923
965,1794.322777777778,14107,106621,4.299645390070923
966,1794.322777777778,14119,106849,4.299645390070923
967,1794.322777777778,14131,107077,4.299645390070923
968,1794.322777777778,14143,107305,4.299645390070923
969,1794.322777777778,14155,107533,4.299645390070923
970,1794.322777777778,14169,107761,4.299645390070923
971,1794.322777777778,14183,107989,4.299645390070923
972,1794.322777777778,14198,108217,4.299645390070923
973,1794.322777777778,14213,108445,4.299645390070923
974,1794.322777777778,14226,108673,4.299645390070923
975,1794.322777777778,14238,108901,4.299645390070923
976,1794.322777777778,14251,109129,4.299645390070923
977,1794.322777777778,14264,109357,4.299645390070923
978,1794.322777777778,14278,109585,4.299645390070923
979,1794.322777777778,14290,109813,4.299645390070923
980,1794.322777777778,14302,110041,4.299645390070923
981,1794.322777777778,14314,110269,4.299645390070923
982,1794.322777777778,14327,110497,4.299645390070923
983,1794.322777777778,14339,110725,4.299645390070923
984,1794.322777777778,14351,110953,4.299645390070923
985,1794.322777777778,14365,111181,4.299645390070923
986,1794.322777777778,14377,111409,4.299645390070923
987,1794.322777777778,14392,111637,4.299645390070923
988,1794.322777777778,14403,111865,4.299645390070923
989,1794.322777777778,14417,112093,4.299645390070923
990,1794.322777777778,14430,112321,4.299645390070923
991,1794.322777777778,14442,112549,4.299645390070923
992,1794.322777777778,14456,112777,4.299645390070923
993,1794.322777777778,14468,113005,4.299645390070923
994,1794.322777777778,14481,113233,4.299645390070923
995,1794.322777777778,14493,113461,4.299645390070923
996,1794.322777777778,14505,113689,4.299645390070923
997,1794.322777777778,14518,113917,4.299645390070923
998,1794.322777777778,14530,114145,4.299645390070923
999,1794.322777777778,14542,114373,4.299645390070923
1000,1794.322777777778,14554,114601,4.299645390070923
