1,1116.7,17,1297,4.920634920634921
2,1091.56,21,1318,0.0
3,1078.38,26,1339,0.9523809523809524
4,1078.38,31,1360,0.9523809523809524
5,1066.68,35,1381,6.507936507936509
6,1066.68,40,1402,6.507936507936509
7,1037.84,46,1423,6.984126984126984
8,1037.84,51,1444,6.984126984126984
9,1037.84,56,1465,6.984126984126984
10,1015.16,61,1486,6.031746031746032
11,1015.16,66,1507,6.031746031746032
12,1015.16,72,1528,6.031746031746032
13,1015.16,77,1549,6.031746031746032
14,1015.16,82,1570,6.031746031746032
15,1015.16,87,1591,6.031746031746032
16,1015.16,92,1612,6.031746031746032
17,1015.16,98,1633,6.031746031746032
18,1015.16,103,1654,6.031746031746032
19,1015.16,108,1675,6.031746031746032
20,1015.16,115,1696,6.031746031746032
21,1015.16,120,1717,6.031746031746032
22,1015.16,126,1738,6.031746031746032
23,1015.16,131,1759,6.031746031746032
24,1015.16,137,1780,6.031746031746032
25,1015.16,142,1801,6.031746031746032
26,1015.16,148,1822,6.031746031746032
27,1015.16,154,1843,6.031746031746032
28,1015.16,159,1864,6.031746031746032
29,1015.16,165,1885,6.031746031746032
30,1015.16,171,1906,6.031746031746032
31,1015.16,178,1927,6.031746031746032
32,1015.16,185,1948,6.031746031746032
33,1012.7,191,1969,4.920634920634921
34,1012.7,197,1990,4.920634920634921
35,985.6,203,2011,1.2698412698412698
36,985.6,209,2032,1.2698412698412698
37,985.6,214,2053,1.2698412698412698
38,985.6,220,2074,1.2698412698412698
39,985.6,226,2095,1.2698412698412698
40,985.6,231,2116,1.2698412698412698
41,985.6,237,2137,1.2698412698412698
42,985.6,242,2158,1.2698412698412698
43,985.6,248,2179,1.2698412698412698
44,985.6,254,2200,1.2698412698412698
45,985.6,260,2221,1.2698412698412698
46,985.6,266,2242,1.2698412698412698
47,985.6,273,2263,1.2698412698412698
48,985.6,289,2284,1.2698412698412698
49,985.6,294,2305,1.2698412698412698
50,985.6,300,2326,1.2698412698412698
51,985.6,306,2347,1.2698412698412698
52,985.6,311,2368,1.2698412698412698
53,985.6,317,2389,1.2698412698412698
54,985.6,323,2410,1.2698412698412698
55,985.6,328,2431,1.2698412698412698
56,985.6,334,2452,1.2698412698412698
57,985.6,339,2473,1.2698412698412698
58,985.6,345,2494,1.2698412698412698
59,985.6,351,2515,1.2698412698412698
60,985.6,356,2536,1.2698412698412698
61,985.6,362,2557,1.2698412698412698
62,985.6,368,2578,1.2698412698412698
63,985.6,374,2599,1.2698412698412698
64,985.6,379,2620,1.2698412698412698
65,985.6,385,2641,1.2698412698412698
66,985.6,390,2662,1.2698412698412698
67,985.6,396,2683,1.2698412698412698
68,985.6,401,2704,1.2698412698412698
69,985.6,407,2725,1.2698412698412698
70,985.6,413,2746,1.2698412698412698
71,985.6,418,2767,1.2698412698412698
72,985.6,424,2788,1.2698412698412698
73,985.6,430,2809,1.2698412698412698
74,985.6,435,2830,1.2698412698412698
75,985.6,441,2851,1.2698412698412698
76,985.6,447,2872,1.2698412698412698
77,985.6,453,2893,1.2698412698412698
78,985.6,458,2914,1.2698412698412698
79,985.6,463,2935,1.2698412698412698
80,985.6,469,2956,1.2698412698412698
81,985.6,475,2977,1.2698412698412698
82,985.6,480,2998,1.2698412698412698
83,985.6,486,3019,1.2698412698412698
84,985.6,491,3040,1.2698412698412698
85,985.6,497,3061,1.2698412698412698
86,985.6,503,3082,1.2698412698412698
87,985.6,508,3103,1.2698412698412698
88,985.6,514,3124,1.2698412698412698
89,985.6,520,3145,1.2698412698412698
90,985.6,526,3166,1.2698412698412698
91,985.6,532,3187,1.2698412698412698
92,985.6,537,3208,1.2698412698412698
93,985.6,543,3229,1.2698412698412698
94,985.6,549,3250,1.2698412698412698
95,985.6,554,3271,1.2698412698412698
96,985.6,560,3292,1.2698412698412698
97,985.6,565,3313,1.2698412698412698
98,985.6,571,3334,1.2698412698412698
99,985.6,577,3355,1.2698412698412698
100,985.6,583,3376,1.2698412698412698
101,985.6,589,3418,1.2698412698412698
102,985.6,594,3460,1.2698412698412698
103,985.6,602,3502,1.2698412698412698
104,985.6,607,3544,1.2698412698412698
105,984.37,613,3586,2.619047619047619
106,984.37,619,3628,2.619047619047619
107,984.37,625,3670,2.619047619047619
108,984.37,630,3712,2.619047619047619
109,984.37,636,3754,2.619047619047619
110,984.37,642,3796,2.619047619047619
111,984.37,647,3838,2.619047619047619
112,984.37,653,3880,2.619047619047619
113,984.37,659,3922,2.619047619047619
114,984.37,665,3964,2.619047619047619
115,984.37,671,4006,2.619047619047619
116,984.37,677,4048,2.619047619047619
117,984.37,682,4090,2.619047619047619
118,984.37,688,4132,2.619047619047619
119,984.37,694,4174,2.619047619047619
120,984.37,700,4216,2.619047619047619
121,984.37,706,4258,2.619047619047619
122,984.37,711,4300,2.619047619047619
123,984.37,718,4342,2.619047619047619
124,984.37,724,4384,2.619047619047619
125,984.37,730,4426,2.619047619047619
126,984.37,736,4468,2.619047619047619
127,984.37,742,4510,2.619047619047619
128,984.37,749,4552,2.619047619047619
129,984.37,756,4594,2.619047619047619
130,984.37,762,4636,2.619047619047619
131,984.37,768,4678,2.619047619047619
132,984.37,773,4720,2.619047619047619
133,984.37,779,4762,2.619047619047619
134,984.37,785,4804,2.619047619047619
135,967.02,790,4846,3.333333333333333
136,967.02,796,4888,3.333333333333333
137,967.02,802,4930,3.333333333333333
138,967.02,808,4972,3.333333333333333
139,967.02,813,5014,3.333333333333333
140,967.02,819,5056,3.333333333333333
141,967.02,826,5098,3.333333333333333
142,967.02,831,5140,3.333333333333333
143,967.02,837,5182,3.333333333333333
144,967.02,843,5224,3.333333333333333
145,967.02,848,5266,3.333333333333333
146,967.02,854,5308,3.333333333333333
147,967.02,860,5350,3.333333333333333
148,967.02,866,5392,3.333333333333333
149,967.02,871,5434,3.333333333333333
150,948.54,877,5476,0.9523809523809524
151,948.54,883,5539,0.9523809523809524
152,948.54,889,5602,0.9523809523809524
153,948.54,895,5665,0.9523809523809524
154,948.54,901,5728,0.9523809523809524
155,948.54,906,5791,0.9523809523809524
156,948.54,912,5854,0.9523809523809524
157,948.54,917,5917,0.9523809523809524
158,948.54,923,5980,0.9523809523809524
159,948.54,929,6043,0.9523809523809524
160,948.54,935,6106,0.9523809523809524
161,948.54,941,6169,0.9523809523809524
162,948.54,946,6232,0.9523809523809524
163,948.54,952,6295,0.9523809523809524
164,948.54,957,6358,0.9523809523809524
165,948.54,964,6421,0.9523809523809524
166,948.54,970,6484,0.9523809523809524
167,948.54,975,6547,0.9523809523809524
168,948.54,981,6610,0.9523809523809524
169,948.54,987,6673,0.9523809523809524
170,948.54,993,6736,0.9523809523809524
171,948.54,999,6799,0.9523809523809524
172,948.54,1004,6862,0.9523809523809524
173,948.54,1010,6925,0.9523809523809524
174,948.54,1015,6988,0.9523809523809524
175,948.54,1036,7051,0.9523809523809524
176,948.54,1041,7114,0.9523809523809524
177,948.54,1047,7177,0.9523809523809524
178,948.54,1053,7240,0.9523809523809524
179,948.54,1059,7303,0.9523809523809524
180,948.54,1065,7366,0.9523809523809524
181,948.54,1071,7429,0.9523809523809524
182,948.54,1076,7492,0.9523809523809524
183,948.54,1082,7555,0.9523809523809524
184,948.54,1088,7618,0.9523809523809524
185,948.54,1094,7681,0.9523809523809524
186,948.54,1099,7744,0.9523809523809524
187,948.54,1105,7807,0.9523809523809524
188,948.54,1111,7870,0.9523809523809524
189,948.54,1117,7933,0.9523809523809524
190,948.54,1123,7996,0.9523809523809524
191,948.54,1128,8059,0.9523809523809524
192,948.54,1134,8122,0.9523809523809524
193,948.54,1139,8185,0.9523809523809524
194,948.54,1145,8248,0.9523809523809524
195,948.54,1150,8311,0.9523809523809524
196,945.2600000000001,1158,8374,2.433862433862434
197,945.2600000000001,1163,8437,2.433862433862434
198,945.2600000000001,1169,8500,2.433862433862434
199,945.2600000000001,1175,8563,2.433862433862434
200,945.2600000000001,1180,8626,2.433862433862434
201,945.2600000000001,1186,8710,2.433862433862434
202,945.2600000000001,1192,8794,2.433862433862434
203,945.2600000000001,1198,8878,2.433862433862434
204,945.2600000000001,1204,8962,2.433862433862434
205,945.2600000000001,1209,9046,2.433862433862434
206,945.2600000000001,1215,9130,2.433862433862434
207,945.2600000000001,1221,9214,2.433862433862434
208,945.2600000000001,1227,9298,2.433862433862434
209,945.2600000000001,1233,9382,2.433862433862434
210,945.2600000000001,1240,9466,2.433862433862434
211,945.2600000000001,1246,9550,2.433862433862434
212,945.2600000000001,1253,9634,2.433862433862434
213,945.2600000000001,1260,9718,2.433862433862434
214,945.2600000000001,1266,9802,2.433862433862434
215,945.2600000000001,1273,9886,2.433862433862434
216,945.2600000000001,1279,9970,2.433862433862434
217,945.2600000000001,1285,10054,2.433862433862434
218,945.2600000000001,1291,10138,2.433862433862434
219,945.2600000000001,1297,10222,2.433862433862434
220,945.2600000000001,1303,10306,2.433862433862434
221,945.2600000000001,1308,10390,2.433862433862434
222,945.2600000000001,1314,10474,2.433862433862434
223,945.2600000000001,1320,10558,2.433862433862434
224,945.2600000000001,1326,10642,2.433862433862434
225,945.2600000000001,1331,10726,2.433862433862434
226,945.2600000000001,1336,10810,2.433862433862434
227,945.2600000000001,1342,10894,2.433862433862434
228,945.2600000000001,1349,10978,2.433862433862434
229,945.2600000000001,1356,11062,2.433862433862434
230,945.2600000000001,1363,11146,2.433862433862434
231,945.2600000000001,1370,11230,2.433862433862434
232,945.2600000000001,1377,11314,2.433862433862434
233,945.2600000000001,1383,11398,2.433862433862434
234,945.2600000000001,1390,11482,2.433862433862434
235,945.2600000000001,1396,11566,2.433862433862434
236,945.2600000000001,1402,11650,2.433862433862434
237,945.2600000000001,1407,11734,2.433862433862434
238,945.2600000000001,1413,11818,2.433862433862434
239,945.2600000000001,1418,11902,2.433862433862434
240,945.2600000000001,1424,11986,2.433862433862434
241,945.2600000000001,1429,12070,2.433862433862434
242,945.2600000000001,1435,12154,2.433862433862434
243,945.2600000000001,1440,12238,2.433862433862434
244,945.2600000000001,1448,12322,2.433862433862434
245,945.2600000000001,1454,12406,2.433862433862434
246,945.2600000000001,1459,12490,2.433862433862434
247,945.2600000000001,1464,12574,2.433862433862434
248,945.2600000000001,1470,12658,2.433862433862434
249,945.2600000000001,1475,12742,2.433862433862434
250,945.2600000000001,1480,12826,2.433862433862434
251,945.2600000000001,1486,12931,2.433862433862434
252,945.2600000000001,1491,13036,2.433862433862434
253,945.2600000000001,1497,13141,2.433862433862434
254,945.2600000000001,1502,13246,2.433862433862434
255,945.2600000000001,1508,13351,2.433862433862434
256,945.2600000000001,1514,13456,2.433862433862434
257,945.2600000000001,1519,13561,2.433862433862434
258,945.2600000000001,1525,13666,2.433862433862434
259,945.2600000000001,1530,13771,2.433862433862434
260,945.2600000000001,1536,13876,2.433862433862434
261,945.2600000000001,1541,13981,2.433862433862434
262,945.2600000000001,1548,14086,2.433862433862434
263,945.2600000000001,1554,14191,2.433862433862434
264,945.2600000000001,1559,14296,2.433862433862434
265,945.2600000000001,1564,14401,2.433862433862434
266,945.2600000000001,1570,14506,2.433862433862434
267,945.2600000000001,1576,14611,2.433862433862434
268,945.2600000000001,1581,14716,2.433862433862434
269,945.2600000000001,1588,14821,2.433862433862434
270,945.2600000000001,1594,14926,2.433862433862434
271,945.2600000000001,1599,15031,2.433862433862434
272,945.2600000000001,1605,15136,2.433862433862434
273,945.2600000000001,1611,15241,2.433862433862434
274,945.2600000000001,1616,15346,2.433862433862434
275,945.2600000000001,1622,15451,2.433862433862434
276,945.2600000000001,1628,15556,2.433862433862434
277,945.2600000000001,1633,15661,2.433862433862434
278,945.2600000000001,1638,15766,2.433862433862434
279,945.2600000000001,1644,15871,2.433862433862434
280,941.1200000000001,1651,15976,5.2063492063492065
281,941.1200000000001,1657,16081,5.2063492063492065
282,941.1200000000001,1662,16186,5.2063492063492065
283,941.1200000000001,1667,16291,5.2063492063492065
284,941.1200000000001,1673,16396,5.2063492063492065
285,941.1200000000001,1679,16501,5.2063492063492065
286,941.1200000000001,1684,16606,5.2063492063492065
287,941.1200000000001,1689,16711,5.2063492063492065
288,941.1200000000001,1695,16816,5.2063492063492065
289,941.1200000000001,1700,16921,5.2063492063492065
290,941.1200000000001,1705,17026,5.2063492063492065
291,941.1200000000001,1711,17131,5.2063492063492065
292,941.1200000000001,1716,17236,5.2063492063492065
293,941.1200000000001,1721,17341,5.2063492063492065
294,941.1200000000001,1726,17446,5.2063492063492065
295,941.1200000000001,1732,17551,5.2063492063492065
296,941.1200000000001,1738,17656,5.2063492063492065
297,941.1200000000001,1743,17761,5.2063492063492065
298,941.1200000000001,1749,17866,5.2063492063492065
299,941.1200000000001,1754,17971,5.2063492063492065
300,941.1200000000001,1760,18076,5.2063492063492065
301,941.1200000000001,1766,18202,5.2063492063492065
302,941.1200000000001,1771,18328,5.2063492063492065
303,941.1200000000001,1777,18454,5.2063492063492065
304,941.1200000000001,1782,18580,5.2063492063492065
305,941.1200000000001,1788,18706,5.2063492063492065
306,941.1200000000001,1793,18832,5.2063492063492065
307,941.1200000000001,1799,18958,5.2063492063492065
308,941.1200000000001,1805,19084,5.2063492063492065
309,941.1200000000001,1811,19210,5.2063492063492065
310,941.1200000000001,1817,19336,5.2063492063492065
311,941.1200000000001,1822,19462,5.2063492063492065
312,941.1200000000001,1828,19588,5.2063492063492065
313,941.1200000000001,1834,19714,5.2063492063492065
314,941.1200000000001,1841,19840,5.2063492063492065
315,936.2233333333334,1848,19966,3.6507936507936507
316,936.2233333333334,1854,20092,3.6507936507936507
317,936.2233333333334,1859,20218,3.6507936507936507
318,936.2233333333334,1865,20344,3.6507936507936507
319,936.2233333333334,1871,20470,3.6507936507936507
320,936.2233333333334,1876,20596,3.6507936507936507
321,936.2233333333334,1882,20722,3.6507936507936507
322,936.2233333333334,1888,20848,3.6507936507936507
323,935.6266666666667,1894,20974,5.132275132275132
324,935.6266666666667,1900,21100,5.132275132275132
325,935.6266666666667,1905,21226,5.132275132275132
326,935.6266666666667,1911,21352,5.132275132275132
327,935.6266666666667,1917,21478,5.132275132275132
328,935.6266666666667,1922,21604,5.132275132275132
329,935.6266666666667,1928,21730,5.132275132275132
330,935.6266666666667,1933,21856,5.132275132275132
331,935.6266666666667,1939,21982,5.132275132275132
332,935.6266666666667,1944,22108,5.132275132275132
333,935.6266666666667,1950,22234,5.132275132275132
334,935.6266666666667,1955,22360,5.132275132275132
335,935.6266666666667,1960,22486,5.132275132275132
336,935.6266666666667,1966,22612,5.132275132275132
337,935.6266666666667,1971,22738,5.132275132275132
338,935.6266666666667,1977,22864,5.132275132275132
339,935.6266666666667,1982,22990,5.132275132275132
340,935.6266666666667,1987,23116,5.132275132275132
341,935.6266666666667,1994,23242,5.132275132275132
342,935.6266666666667,2000,23368,5.132275132275132
343,935.6266666666667,2005,23494,5.132275132275132
344,935.6266666666667,2011,23620,5.132275132275132
345,935.6266666666667,2016,23746,5.132275132275132
346,935.6266666666667,2022,23872,5.132275132275132
347,935.6266666666667,2027,23998,5.132275132275132
348,935.6266666666667,2032,24124,5.132275132275132
349,935.6266666666667,2038,24250,5.132275132275132
350,935.6266666666667,2043,24376,5.132275132275132
351,935.6266666666667,2048,24523,5.132275132275132
352,935.6266666666667,2055,24670,5.132275132275132
353,935.6266666666667,2060,24817,5.132275132275132
354,935.6266666666667,2066,24964,5.132275132275132
355,935.6266666666667,2071,25111,5.132275132275132
356,935.6266666666667,2077,25258,5.132275132275132
357,935.6266666666667,2082,25405,5.132275132275132
358,935.6266666666667,2088,25552,5.132275132275132
359,935.6266666666667,2093,25699,5.132275132275132
360,935.6266666666667,2099,25846,5.132275132275132
361,935.6266666666667,2105,25993,5.132275132275132
362,935.6266666666667,2110,26140,5.132275132275132
363,935.6266666666667,2116,26287,5.132275132275132
364,935.6266666666667,2121,26434,5.132275132275132
365,935.6266666666667,2128,26581,5.132275132275132
366,935.6266666666667,2134,26728,5.132275132275132
367,935.6266666666667,2140,26875,5.132275132275132
368,935.6266666666667,2145,27022,5.132275132275132
369,935.6266666666667,2150,27169,5.132275132275132
370,935.6266666666667,2156,27316,5.132275132275132
371,935.6266666666667,2162,27463,5.132275132275132
372,935.6266666666667,2167,27610,5.132275132275132
373,935.6266666666667,2173,27757,5.132275132275132
374,935.6266666666667,2178,27904,5.132275132275132
375,935.6266666666667,2184,28051,5.132275132275132
376,935.6266666666667,2189,28198,5.132275132275132
377,935.6266666666667,2195,28345,5.132275132275132
378,935.6266666666667,2201,28492,5.132275132275132
379,935.6266666666667,2208,28639,5.132275132275132
380,935.6266666666667,2213,28786,5.132275132275132
381,935.6266666666667,2219,28933,5.132275132275132
382,935.6266666666667,2224,29080,5.132275132275132
383,935.6266666666667,2229,29227,5.132275132275132
384,935.6266666666667,2235,29374,5.132275132275132
385,935.6266666666667,2241,29521,5.132275132275132
386,935.6266666666667,2246,29668,5.132275132275132
387,935.6266666666667,2251,29815,5.132275132275132
388,935.6266666666667,2258,29962,5.132275132275132
389,935.6266666666667,2264,30109,5.132275132275132
390,935.6266666666667,2269,30256,5.132275132275132
391,935.6266666666667,2275,30403,5.132275132275132
392,935.6266666666667,2280,30550,5.132275132275132
393,935.6266666666667,2286,30697,5.132275132275132
394,935.6266666666667,2291,30844,5.132275132275132
395,935.6266666666667,2296,30991,5.132275132275132
396,935.6266666666667,2302,31138,5.132275132275132
397,935.6266666666667,2308,31285,5.132275132275132
398,935.6266666666667,2313,31432,5.132275132275132
399,935.6266666666667,2319,31579,5.132275132275132
400,935.6266666666667,2324,31726,5.132275132275132
401,935.6266666666667,2330,31894,5.132275132275132
402,935.6266666666667,2336,32062,5.132275132275132
403,935.6266666666667,2342,32230,5.132275132275132
404,935.6266666666667,2348,32398,5.132275132275132
405,935.6266666666667,2353,32566,5.132275132275132
406,935.6266666666667,2358,32734,5.132275132275132
407,935.6266666666667,2364,32902,5.132275132275132
408,935.6266666666667,2369,33070,5.132275132275132
409,935.6266666666667,2375,33238,5.132275132275132
410,935.6266666666667,2380,33406,5.132275132275132
411,935.6266666666667,2386,33574,5.132275132275132
412,935.6266666666667,2392,33742,5.132275132275132
413,935.6266666666667,2397,33910,5.132275132275132
414,935.6266666666667,2403,34078,5.132275132275132
415,935.6266666666667,2409,34246,5.132275132275132
416,935.6266666666667,2415,34414,5.132275132275132
417,935.6266666666667,2420,34582,5.132275132275132
418,935.6266666666667,2426,34750,5.132275132275132
419,935.6266666666667,2432,34918,5.132275132275132
420,935.6266666666667,2437,35086,5.132275132275132
421,935.6266666666667,2443,35254,5.132275132275132
422,935.6266666666667,2448,35422,5.132275132275132
423,935.6266666666667,2453,35590,5.132275132275132
424,935.6266666666667,2458,35758,5.132275132275132
425,935.6266666666667,2463,35926,5.132275132275132
426,935.6266666666667,2468,36094,5.132275132275132
427,935.6266666666667,2473,36262,5.132275132275132
428,935.6266666666667,2478,36430,5.132275132275132
429,935.6266666666667,2483,36598,5.132275132275132
430,935.6266666666667,2488,36766,5.132275132275132
431,935.6266666666667,2492,36934,5.132275132275132
432,935.6266666666667,2498,37102,5.132275132275132
433,935.6266666666667,2503,37270,5.132275132275132
434,935.6266666666667,2509,37438,5.132275132275132
435,935.6266666666667,2513,37606,5.132275132275132
436,935.6266666666667,2518,37774,5.132275132275132
437,935.6266666666667,2523,37942,5.132275132275132
438,935.6266666666667,2528,38110,5.132275132275132
439,935.6266666666667,2533,38278,5.132275132275132
440,935.6266666666667,2538,38446,5.132275132275132
441,935.6266666666667,2544,38614,5.132275132275132
442,935.6266666666667,2549,38782,5.132275132275132
443,935.6266666666667,2554,38950,5.132275132275132
444,935.6266666666667,2559,39118,5.132275132275132
445,935.6266666666667,2564,39286,5.132275132275132
446,935.6266666666667,2568,39454,5.132275132275132
447,935.6266666666667,2573,39622,5.132275132275132
448,935.6266666666667,2578,39790,5.132275132275132
449,935.6266666666667,2583,39958,5.132275132275132
450,935.6266666666667,2591,40126,5.132275132275132
451,935.6266666666667,2596,40315,5.132275132275132
452,935.6266666666667,2601,40504,5.132275132275132
453,935.6266666666667,2606,40693,5.132275132275132
454,935.6266666666667,2611,40882,5.132275132275132
455,935.6266666666667,2616,41071,5.132275132275132
456,935.6266666666667,2621,41260,5.132275132275132
457,935.6266666666667,2626,41449,5.132275132275132
458,935.6266666666667,2631,41638,5.132275132275132
459,935.6266666666667,2636,41827,5.132275132275132
460,935.6266666666667,2641,42016,5.132275132275132
461,935.6266666666667,2646,42205,5.132275132275132
462,935.6266666666667,2651,42394,5.132275132275132
463,935.6266666666667,2656,42583,5.132275132275132
464,935.6266666666667,2661,42772,5.132275132275132
465,935.6266666666667,2666,42961,5.132275132275132
466,935.6266666666667,2671,43150,5.132275132275132
467,935.6266666666667,2676,43339,5.132275132275132
468,935.6266666666667,2682,43528,5.132275132275132
469,935.6266666666667,2687,43717,5.132275132275132
470,935.6266666666667,2692,43906,5.132275132275132
471,935.6266666666667,2697,44095,5.132275132275132
472,935.6266666666667,2702,44284,5.132275132275132
473,935.6266666666667,2707,44473,5.132275132275132
474,935.6266666666667,2712,44662,5.132275132275132
475,935.6266666666667,2717,44851,5.132275132275132
476,935.6266666666667,2723,45040,5.132275132275132
477,935.6266666666667,2727,45229,5.132275132275132
478,935.6266666666667,2732,45418,5.132275132275132
479,935.6266666666667,2737,45607,5.132275132275132
480,935.6266666666667,2742,45796,5.132275132275132
481,935.6266666666667,2747,45985,5.132275132275132
482,935.6266666666667,2753,46174,5.132275132275132
483,935.6266666666667,2758,46363,5.132275132275132
484,935.6266666666667,2762,46552,5.132275132275132
485,935.6266666666667,2768,46741,5.132275132275132
486,935.6266666666667,2773,46930,5.132275132275132
487,935.6266666666667,2778,47119,5.132275132275132
488,935.6266666666667,2783,47308,5.132275132275132
489,935.6266666666667,2788,47497,5.132275132275132
490,935.6266666666667,2793,47686,5.132275132275132
491,935.6266666666667,2798,47875,5.132275132275132
492,935.6266666666667,2803,48064,5.132275132275132
493,935.6266666666667,2808,48253,5.132275132275132
494,935.6266666666667,2813,48442,5.132275132275132
495,935.6266666666667,2818,48631,5.132275132275132
496,935.6266666666667,2823,48820,5.132275132275132
497,935.6266666666667,2828,49009,5.132275132275132
498,935.6266666666667,2833,49198,5.132275132275132
499,935.6266666666667,2839,49387,5.132275132275132
500,935.6266666666667,2844,49576,5.132275132275132
501,935.6266666666667,2850,49786,5.132275132275132
502,935.6266666666667,2856,49996,5.132275132275132
503,935.6266666666667,2862,50206,5.132275132275132
504,935.6266666666667,2867,50416,5.132275132275132
505,935.6266666666667,2872,50626,5.132275132275132
506,935.6266666666667,2878,50836,5.132275132275132
507,935.6266666666667,2883,51046,5.132275132275132
508,935.6266666666667,2889,51256,5.132275132275132
509,935.6266666666667,2895,51466,5.132275132275132
510,935.6266666666667,2903,51676,5.132275132275132
511,935.6266666666667,2908,51886,5.132275132275132
512,935.6266666666667,2913,52096,5.132275132275132
513,935.6266666666667,2918,52306,5.132275132275132
514,935.6266666666667,2923,52516,5.132275132275132
515,935.6266666666667,2928,52726,5.132275132275132
516,935.6266666666667,2934,52936,5.132275132275132
517,935.6266666666667,2940,53146,5.132275132275132
518,935.6266666666667,2945,53356,5.132275132275132
519,935.6266666666667,2950,53566,5.132275132275132
520,935.6266666666667,2955,53776,5.132275132275132
521,935.6266666666667,2960,53986,5.132275132275132
522,935.6266666666667,2965,54196,5.132275132275132
523,935.6266666666667,2971,54406,5.132275132275132
524,935.6266666666667,2976,54616,5.132275132275132
525,935.6266666666667,2981,54826,5.132275132275132
526,935.6266666666667,2986,55036,5.132275132275132
527,935.6266666666667,2991,55246,5.132275132275132
528,935.6266666666667,2996,55456,5.132275132275132
529,935.6266666666667,3001,55666,5.132275132275132
530,935.6266666666667,3007,55876,5.132275132275132
531,935.6266666666667,3012,56086,5.132275132275132
532,935.6266666666667,3017,56296,5.132275132275132
533,935.6266666666667,3023,56506,5.132275132275132
534,935.6266666666667,3028,56716,5.132275132275132
535,935.6266666666667,3033,56926,5.132275132275132
536,935.6266666666667,3038,57136,5.132275132275132
537,935.6266666666667,3043,57346,5.132275132275132
538,935.6266666666667,3048,57556,5.132275132275132
539,935.6266666666667,3053,57766,5.132275132275132
540,935.6266666666667,3058,57976,5.132275132275132
541,935.6266666666667,3063,58186,5.132275132275132
542,935.6266666666667,3068,58396,5.132275132275132
543,935.6266666666667,3073,58606,5.132275132275132
544,935.6266666666667,3078,58816,5.132275132275132
545,935.6266666666667,3083,59026,5.132275132275132
546,935.6266666666667,3089,59236,5.132275132275132
547,935.6266666666667,3094,59446,5.132275132275132
548,935.6266666666667,3099,59656,5.132275132275132
549,935.6266666666667,3104,59866,5.132275132275132
550,935.6266666666667,3110,60076,5.132275132275132
551,935.6266666666667,3115,60307,5.132275132275132
552,935.6266666666667,3120,60538,5.132275132275132
553,935.6266666666667,3125,60769,5.132275132275132
554,935.6266666666667,3130,61000,5.132275132275132
555,935.6266666666667,3135,61231,5.132275132275132
556,935.6266666666667,3141,61462,5.132275132275132
557,935.6266666666667,3146,61693,5.132275132275132
558,935.6266666666667,3151,61924,5.132275132275132
559,935.6266666666667,3156,62155,5.132275132275132
560,935.6266666666667,3161,62386,5.132275132275132
561,935.6266666666667,3166,62617,5.132275132275132
562,935.6266666666667,3172,62848,5.132275132275132
563,935.6266666666667,3178,63079,5.132275132275132
564,935.6266666666667,3183,63310,5.132275132275132
565,935.6266666666667,3188,63541,5.132275132275132
566,935.6266666666667,3194,63772,5.132275132275132
567,935.6266666666667,3199,64003,5.132275132275132
568,935.6266666666667,3204,64234,5.132275132275132
569,935.6266666666667,3209,64465,5.132275132275132
570,935.6266666666667,3214,64696,5.132275132275132
571,935.6266666666667,3220,64927,5.132275132275132
572,935.6266666666667,3226,65158,5.132275132275132
573,935.6266666666667,3231,65389,5.132275132275132
574,935.6266666666667,3236,65620,5.132275132275132
575,935.6266666666667,3241,65851,5.132275132275132
576,935.6266666666667,3246,66082,5.132275132275132
577,935.6266666666667,3252,66313,5.132275132275132
578,935.6266666666667,3258,66544,5.132275132275132
579,935.6266666666667,3263,66775,5.132275132275132
580,935.6266666666667,3268,67006,5.132275132275132
581,935.6266666666667,3274,67237,5.132275132275132
582,935.6266666666667,3279,67468,5.132275132275132
583,935.6266666666667,3284,67699,5.132275132275132
584,935.6266666666667,3289,67930,5.132275132275132
585,935.6266666666667,3294,68161,5.132275132275132
586,935.6266666666667,3300,68392,5.132275132275132
587,935.6266666666667,3305,68623,5.132275132275132
588,935.6266666666667,3310,68854,5.132275132275132
589,935.6266666666667,3315,69085,5.132275132275132
590,935.6266666666667,3320,69316,5.132275132275132
591,935.6266666666667,3326,69547,5.132275132275132
592,935.6266666666667,3332,69778,5.132275132275132
593,935.6266666666667,3337,70009,5.132275132275132
594,935.6266666666667,3342,70240,5.132275132275132
595,935.6266666666667,3347,70471,5.132275132275132
596,935.6266666666667,3353,70702,5.132275132275132
597,935.6266666666667,3358,70933,5.132275132275132
598,935.6266666666667,3364,71164,5.132275132275132
599,935.6266666666667,3369,71395,5.132275132275132
600,935.6266666666667,3374,71626,5.132275132275132
601,935.6266666666667,3380,71878,5.132275132275132
602,935.6266666666667,3386,72130,5.132275132275132
603,935.6266666666667,3392,72382,5.132275132275132
604,935.6266666666667,3397,72634,5.132275132275132
605,935.6266666666667,3403,72886,5.132275132275132
606,935.6266666666667,3409,73138,5.132275132275132
607,935.6266666666667,3414,73390,5.132275132275132
608,935.6266666666667,3420,73642,5.132275132275132
609,935.6266666666667,3425,73894,5.132275132275132
610,935.6266666666667,3430,74146,5.132275132275132
611,935.6266666666667,3436,74398,5.132275132275132
612,935.6266666666667,3441,74650,5.132275132275132
613,935.6266666666667,3448,74902,5.132275132275132
614,935.6266666666667,3453,75154,5.132275132275132
615,935.6266666666667,3458,75406,5.132275132275132
616,935.6266666666667,3463,75658,5.132275132275132
617,935.6266666666667,3469,75910,5.132275132275132
618,935.6266666666667,3476,76162,5.132275132275132
619,935.6266666666667,3481,76414,5.132275132275132
620,935.6266666666667,3487,76666,5.132275132275132
621,935.6266666666667,3492,76918,5.132275132275132
622,935.6266666666667,3498,77170,5.132275132275132
623,935.6266666666667,3503,77422,5.132275132275132
624,935.6266666666667,3508,77674,5.132275132275132
625,935.6266666666667,3514,77926,5.132275132275132
626,935.6266666666667,3519,78178,5.132275132275132
627,935.6266666666667,3524,78430,5.132275132275132
628,935.6266666666667,3530,78682,5.132275132275132
629,935.6266666666667,3536,78934,5.132275132275132
630,935.6266666666667,3541,79186,5.132275132275132
631,935.6266666666667,3547,79438,5.132275132275132
632,935.6266666666667,3553,79690,5.132275132275132
633,935.6266666666667,3558,79942,5.132275132275132
634,935.6266666666667,3563,80194,5.132275132275132
635,935.6266666666667,3569,80446,5.132275132275132
636,935.6266666666667,3574,80698,5.132275132275132
637,935.6266666666667,3579,80950,5.132275132275132
638,935.6266666666667,3585,81202,5.132275132275132
639,935.6266666666667,3590,81454,5.132275132275132
640,935.6266666666667,3596,81706,5.132275132275132
641,935.6266666666667,3601,81958,5.132275132275132
642,935.6266666666667,3606,82210,5.132275132275132
643,935.6266666666667,3612,82462,5.132275132275132
644,935.6266666666667,3617,82714,5.132275132275132
645,935.6266666666667,3623,82966,5.132275132275132
646,935.6266666666667,3629,83218,5.132275132275132
647,935.6266666666667,3634,83470,5.132275132275132
648,935.6266666666667,3639,83722,5.132275132275132
649,935.6266666666667,3645,83974,5.132275132275132
650,935.6266666666667,3650,84226,5.132275132275132
651,935.6266666666667,3655,84499,5.132275132275132
652,935.6266666666667,3661,84772,5.132275132275132
653,935.6266666666667,3667,85045,5.132275132275132
654,935.6266666666667,3672,85318,5.132275132275132
655,935.6266666666667,3677,85591,5.132275132275132
656,935.6266666666667,3684,85864,5.132275132275132
657,935.6266666666667,3689,86137,5.132275132275132
658,935.6266666666667,3694,86410,5.132275132275132
659,935.6266666666667,3700,86683,5.132275132275132
660,935.6266666666667,3705,86956,5.132275132275132
661,935.6266666666667,3711,87229,5.132275132275132
662,935.6266666666667,3716,87502,5.132275132275132
663,935.6266666666667,3722,87775,5.132275132275132
664,935.6266666666667,3727,88048,5.132275132275132
665,935.6266666666667,3733,88321,5.132275132275132
666,935.6266666666667,3738,88594,5.132275132275132
667,935.6266666666667,3744,88867,5.132275132275132
668,935.6266666666667,3750,89140,5.132275132275132
669,935.6266666666667,3756,89413,5.132275132275132
670,935.6266666666667,3761,89686,5.132275132275132
671,935.6266666666667,3767,89959,5.132275132275132
672,935.6266666666667,3772,90232,5.132275132275132
673,935.6266666666667,3778,90505,5.132275132275132
674,935.6266666666667,3784,90778,5.132275132275132
675,935.6266666666667,3789,91051,5.132275132275132
676,935.6266666666667,3795,91324,5.132275132275132
677,935.6266666666667,3800,91597,5.132275132275132
678,935.6266666666667,3806,91870,5.132275132275132
679,935.6266666666667,3813,92143,5.132275132275132
680,935.6266666666667,3818,92416,5.132275132275132
681,935.6266666666667,3823,92689,5.132275132275132
682,935.6266666666667,3829,92962,5.132275132275132
683,935.6266666666667,3834,93235,5.132275132275132
684,935.6266666666667,3840,93508,5.132275132275132
685,935.6266666666667,3846,93781,5.132275132275132
686,935.6266666666667,3851,94054,5.132275132275132
687,935.6266666666667,3857,94327,5.132275132275132
688,935.6266666666667,3862,94600,5.132275132275132
689,935.6266666666667,3867,94873,5.132275132275132
690,935.6266666666667,3873,95146,5.132275132275132
691,935.6266666666667,3879,95419,5.132275132275132
692,935.6266666666667,3884,95692,5.132275132275132
693,935.6266666666667,3891,95965,5.132275132275132
694,935.6266666666667,3896,96238,5.132275132275132
695,935.6266666666667,3902,96511,5.132275132275132
696,935.6266666666667,3907,96784,5.132275132275132
697,935.6266666666667,3912,97057,5.132275132275132
698,935.6266666666667,3918,97330,5.132275132275132
699,935.6266666666667,3925,97603,5.132275132275132
700,935.6266666666667,3931,97876,5.132275132275132
701,935.6266666666667,3936,98170,5.132275132275132
702,935.6266666666667,3943,98464,5.132275132275132
703,935.6266666666667,3948,98758,5.132275132275132
704,935.6266666666667,3954,99052,5.132275132275132
705,935.6266666666667,3960,99346,5.132275132275132
706,935.6266666666667,3965,99640,5.132275132275132
707,935.6266666666667,3971,99934,5.132275132275132
708,935.6266666666667,3977,100228,5.132275132275132
709,935.6266666666667,3982,100522,5.132275132275132
710,935.6266666666667,3988,100816,5.132275132275132
711,935.6266666666667,3994,101110,5.132275132275132
712,935.6266666666667,3999,101404,5.132275132275132
713,935.6266666666667,4006,101698,5.132275132275132
714,935.6266666666667,4011,101992,5.132275132275132
715,935.6266666666667,4017,102286,5.132275132275132
716,935.6266666666667,4023,102580,5.132275132275132
717,935.6266666666667,4028,102874,5.132275132275132
718,935.6266666666667,4034,103168,5.132275132275132
719,935.6266666666667,4039,103462,5.132275132275132
720,935.6266666666667,4045,103756,5.132275132275132
721,935.6266666666667,4050,104050,5.132275132275132
722,935.6266666666667,4056,104344,5.132275132275132
723,935.6266666666667,4063,104638,5.132275132275132
724,935.6266666666667,4068,104932,5.132275132275132
725,935.6266666666667,4074,105226,5.132275132275132
726,935.6266666666667,4079,105520,5.132275132275132
727,935.6266666666667,4085,105814,5.132275132275132
728,935.6266666666667,4091,106108,5.132275132275132
729,935.6266666666667,4097,106402,5.132275132275132
730,935.6266666666667,4103,106696,5.132275132275132
731,935.6266666666667,4108,106990,5.132275132275132
732,935.6266666666667,4114,107284,5.132275132275132
733,935.6266666666667,4120,107578,5.132275132275132
734,935.6266666666667,4126,107872,5.132275132275132
735,935.6266666666667,4132,108166,5.132275132275132
736,935.6266666666667,4137,108460,5.132275132275132
737,935.6266666666667,4143,108754,5.132275132275132
738,935.6266666666667,4149,109048,5.132275132275132
739,935.6266666666667,4155,109342,5.132275132275132
740,935.6266666666667,4160,109636,5.132275132275132
741,935.6266666666667,4166,109930,5.132275132275132
742,935.6266666666667,4172,110224,5.132275132275132
743,935.6266666666667,4177,110518,5.132275132275132
744,935.6266666666667,4183,110812,5.132275132275132
745,935.6266666666667,4189,111106,5.132275132275132
746,935.6266666666667,4195,111400,5.132275132275132
747,935.6266666666667,4200,111694,5.132275132275132
748,935.6266666666667,4206,111988,5.132275132275132
749,935.6266666666667,4211,112282,5.132275132275132
750,935.6266666666667,4217,112576,5.132275132275132
751,935.6266666666667,4222,112891,5.132275132275132
752,935.6266666666667,4228,113206,5.132275132275132
753,935.6266666666667,4234,113521,5.132275132275132
754,935.6266666666667,4240,113836,5.132275132275132
755,935.6266666666667,4246,114151,5.132275132275132
756,935.6266666666667,4251,114466,5.132275132275132
757,935.6266666666667,4257,114781,5.132275132275132
758,935.6266666666667,4263,115096,5.132275132275132
759,935.6266666666667,4269,115411,5.132275132275132
760,935.6266666666667,4274,115726,5.132275132275132
761,935.6266666666667,4280,116041,5.132275132275132
762,935.6266666666667,4286,116356,5.132275132275132
763,935.6266666666667,4293,116671,5.132275132275132
764,935.6266666666667,4298,116986,5.132275132275132
765,935.6266666666667,4304,117301,5.132275132275132
766,935.6266666666667,4309,117616,5.132275132275132
767,935.6266666666667,4315,117931,5.132275132275132
768,935.6266666666667,4321,118246,5.132275132275132
769,935.6266666666667,4326,118561,5.132275132275132
770,935.6266666666667,4332,118876,5.132275132275132
771,935.6266666666667,4338,119191,5.132275132275132
772,935.6266666666667,4344,119506,5.132275132275132
773,935.6266666666667,4350,119821,5.132275132275132
774,935.6266666666667,4356,120136,5.132275132275132
775,935.6266666666667,4362,120451,5.132275132275132
776,935.6266666666667,4367,120766,5.132275132275132
777,935.6266666666667,4373,121081,5.132275132275132
778,935.6266666666667,4379,121396,5.132275132275132
779,935.6266666666667,4385,121711,5.132275132275132
780,935.6266666666667,4391,122026,5.132275132275132
781,935.6266666666667,4397,122341,5.132275132275132
782,935.6266666666667,4403,122656,5.132275132275132
783,935.6266666666667,4408,122971,5.132275132275132
784,935.6266666666667,4414,123286,5.132275132275132
785,935.6266666666667,4420,123601,5.132275132275132
786,935.6266666666667,4425,123916,5.132275132275132
787,935.6266666666667,4431,124231,5.132275132275132
788,935.6266666666667,4438,124546,5.132275132275132
789,935.6266666666667,4444,124861,5.132275132275132
790,935.6266666666667,4449,125176,5.132275132275132
791,935.6266666666667,4455,125491,5.132275132275132
792,935.6266666666667,4461,125806,5.132275132275132
793,935.6266666666667,4468,126121,5.132275132275132
794,935.6266666666667,4474,126436,5.132275132275132
795,935.6266666666667,4480,126751,5.132275132275132
796,935.6266666666667,4485,127066,5.132275132275132
797,935.6266666666667,4491,127381,5.132275132275132
798,935.6266666666667,4497,127696,5.132275132275132
799,935.6266666666667,4502,128011,5.132275132275132
800,935.6266666666667,4508,128326,5.132275132275132
801,935.6266666666667,4514,128662,5.132275132275132
802,935.6266666666667,4520,128998,5.132275132275132
803,935.6266666666667,4526,129334,5.132275132275132
804,935.6266666666667,4532,129670,5.132275132275132
805,935.6266666666667,4538,130006,5.132275132275132
806,935.6266666666667,4544,130342,5.132275132275132
807,935.6266666666667,4550,130678,5.132275132275132
808,935.6266666666667,4555,131014,5.132275132275132
809,935.6266666666667,4561,131350,5.132275132275132
810,935.6266666666667,4567,131686,5.132275132275132
811,935.6266666666667,4573,132022,5.132275132275132
812,935.6266666666667,4578,132358,5.132275132275132
813,935.6266666666667,4584,132694,5.132275132275132
814,935.6266666666667,4590,133030,5.132275132275132
815,935.6266666666667,4597,133366,5.132275132275132
816,935.6266666666667,4603,133702,5.132275132275132
817,935.6266666666667,4609,134038,5.132275132275132
818,935.6266666666667,4615,134374,5.132275132275132
819,935.6266666666667,4620,134710,5.132275132275132
820,935.6266666666667,4626,135046,5.132275132275132
821,935.6266666666667,4632,135382,5.132275132275132
822,935.6266666666667,4638,135718,5.132275132275132
823,935.6266666666667,4644,136054,5.132275132275132
824,935.6266666666667,4650,136390,5.132275132275132
825,935.6266666666667,4657,136726,5.132275132275132
826,935.6266666666667,4663,137062,5.132275132275132
827,935.6266666666667,4669,137398,5.132275132275132
828,935.6266666666667,4675,137734,5.132275132275132
829,935.6266666666667,4680,138070,5.132275132275132
830,935.6266666666667,4686,138406,5.132275132275132
831,935.6266666666667,4692,138742,5.132275132275132
832,935.6266666666667,4698,139078,5.132275132275132
833,935.6266666666667,4703,139414,5.132275132275132
834,935.6266666666667,4709,139750,5.132275132275132
835,935.6266666666667,4715,140086,5.132275132275132
836,935.6266666666667,4722,140422,5.132275132275132
837,935.6266666666667,4728,140758,5.132275132275132
838,935.6266666666667,4733,141094,5.132275132275132
839,935.6266666666667,4739,141430,5.132275132275132
840,935.6266666666667,4745,141766,5.132275132275132
841,935.6266666666667,4751,142102,5.132275132275132
842,935.6266666666667,4757,142438,5.132275132275132
843,935.6266666666667,4762,142774,5.132275132275132
844,935.6266666666667,4768,143110,5.132275132275132
845,935.6266666666667,4775,143446,5.132275132275132
846,935.6266666666667,4780,143782,5.132275132275132
847,935.6266666666667,4786,144118,5.132275132275132
848,935.6266666666667,4792,144454,5.132275132275132
849,935.6266666666667,4797,144790,5.132275132275132
850,935.6266666666667,4803,145126,5.132275132275132
851,935.6266666666667,4809,145483,5.132275132275132
852,935.6266666666667,4815,145840,5.132275132275132
853,935.6266666666667,4822,146197,5.132275132275132
854,935.6266666666667,4828,146554,5.132275132275132
855,935.6266666666667,4834,146911,5.132275132275132
856,935.6266666666667,4841,147268,5.132275132275132
857,935.6266666666667,4847,147625,5.132275132275132
858,935.6266666666667,4852,147982,5.132275132275132
859,935.6266666666667,4858,148339,5.132275132275132
860,935.6266666666667,4864,148696,5.132275132275132
861,935.6266666666667,4870,149053,5.132275132275132
862,935.6266666666667,4876,149410,5.132275132275132
863,935.6266666666667,4882,149767,5.132275132275132
864,935.6266666666667,4887,150124,5.132275132275132
865,935.6266666666667,4893,150481,5.132275132275132
866,935.6266666666667,4900,150838,5.132275132275132
867,935.6266666666667,4906,151195,5.132275132275132
868,935.6266666666667,4912,151552,5.132275132275132
869,935.6266666666667,4918,151909,5.132275132275132
870,935.6266666666667,4924,152266,5.132275132275132
871,935.6266666666667,4930,152623,5.132275132275132
872,935.6266666666667,4936,152980,5.132275132275132
873,935.6266666666667,4942,153337,5.132275132275132
874,935.6266666666667,4948,153694,5.132275132275132
875,935.6266666666667,4954,154051,5.132275132275132
876,935.6266666666667,4961,154408,5.132275132275132
877,935.6266666666667,4967,154765,5.132275132275132
878,935.6266666666667,4973,155122,5.132275132275132
879,935.6266666666667,4979,155479,5.132275132275132
880,935.6266666666667,4986,155836,5.132275132275132
881,935.6266666666667,4992,156193,5.132275132275132
882,935.6266666666667,4999,156550,5.132275132275132
883,935.6266666666667,5005,156907,5.132275132275132
884,935.6266666666667,5012,157264,5.132275132275132
885,935.6266666666667,5018,157621,5.132275132275132
886,935.6266666666667,5024,157978,5.132275132275132
887,935.6266666666667,5030,158335,5.132275132275132
888,935.6266666666667,5036,158692,5.132275132275132
889,935.6266666666667,5042,159049,5.132275132275132
890,935.6266666666667,5048,159406,5.132275132275132
891,935.6266666666667,5054,159763,5.132275132275132
892,935.6266666666667,5061,160120,5.132275132275132
893,935.6266666666667,5067,160477,5.132275132275132
894,935.6266666666667,5074,160834,5.132275132275132
895,935.6266666666667,5079,161191,5.132275132275132
896,935.6266666666667,5085,161548,5.132275132275132
897,935.6266666666667,5091,161905,5.132275132275132
898,935.6266666666667,5097,162262,5.132275132275132
899,935.6266666666667,5103,162619,5.132275132275132
900,935.6266666666667,5109,162976,5.132275132275132
901,935.6266666666667,5115,163354,5.132275132275132
902,935.6266666666667,5120,163732,5.132275132275132
903,935.6266666666667,5126,164110,5.132275132275132
904,935.6266666666667,5132,164488,5.132275132275132
905,935.6266666666667,5138,164866,5.132275132275132
906,935.6266666666667,5144,165244,5.132275132275132
907,935.6266666666667,5152,165622,5.132275132275132
908,935.6266666666667,5158,166000,5.132275132275132
909,935.6266666666667,5163,166378,5.132275132275132
910,935.6266666666667,5169,166756,5.132275132275132
911,935.6266666666667,5175,167134,5.132275132275132
912,935.6266666666667,5181,167512,5.132275132275132
913,935.6266666666667,5188,167890,5.132275132275132
914,935.6266666666667,5193,168268,5.132275132275132
915,935.6266666666667,5199,168646,5.132275132275132
916,935.6266666666667,5205,169024,5.132275132275132
917,935.6266666666667,5211,169402,5.132275132275132
918,935.6266666666667,5217,169780,5.132275132275132
919,935.6266666666667,5223,170158,5.132275132275132
920,935.6266666666667,5229,170536,5.132275132275132
921,935.6266666666667,5235,170914,5.132275132275132
922,935.6266666666667,5241,171292,5.132275132275132
923,935.6266666666667,5248,171670,5.132275132275132
924,935.6266666666667,5255,172048,5.132275132275132
925,935.6266666666667,5261,172426,5.132275132275132
926,935.6266666666667,5267,172804,5.132275132275132
927,935.6266666666667,5273,173182,5.132275132275132
928,935.6266666666667,5279,173560,5.132275132275132
929,935.6266666666667,5285,173938,5.132275132275132
930,935.6266666666667,5291,174316,5.132275132275132
931,935.6266666666667,5297,174694,5.132275132275132
932,935.6266666666667,5303,175072,5.132275132275132
933,935.6266666666667,5309,175450,5.132275132275132
934,935.6266666666667,5315,175828,5.132275132275132
935,935.6266666666667,5321,176206,5.132275132275132
936,935.6266666666667,5327,176584,5.132275132275132
937,935.6266666666667,5334,176962,5.132275132275132
938,935.6266666666667,5340,177340,5.132275132275132
939,935.6266666666667,5346,177718,5.132275132275132
940,935.6266666666667,5351,178096,5.132275132275132
941,935.6266666666667,5358,178474,5.132275132275132
942,935.6266666666667,5364,178852,5.132275132275132
943,935.6266666666667,5370,179230,5.132275132275132
944,935.6266666666667,5376,179608,5.132275132275132
945,935.6266666666667,5382,179986,5.132275132275132
946,935.6266666666667,5388,180364,5.132275132275132
947,935.6266666666667,5394,180742,5.132275132275132
948,935.6266666666667,5400,181120,5.132275132275132
949,935.6266666666667,5406,181498,5.132275132275132
950,935.6266666666667,5412,181876,5.132275132275132
951,935.6266666666667,5419,182275,5.132275132275132
952,935.6266666666667,5424,182674,5.132275132275132
953,935.6266666666667,5430,183073,5.132275132275132
954,935.6266666666667,5437,183472,5.132275132275132
955,935.6266666666667,5443,183871,5.132275132275132
956,935.6266666666667,5449,184270,5.132275132275132
957,935.6266666666667,5455,184669,5.132275132275132
958,935.6266666666667,5461,185068,5.132275132275132
959,935.6266666666667,5468,185467,5.132275132275132
960,935.6266666666667,5475,185866,5.132275132275132
961,935.6266666666667,5482,186265,5.132275132275132
962,935.6266666666667,5488,186664,5.132275132275132
963,935.6266666666667,5494,187063,5.132275132275132
964,935.6266666666667,5502,187462,5.132275132275132
965,935.6266666666667,5508,187861,5.132275132275132
966,935.6266666666667,5513,188260,5.132275132275132
967,935.6266666666667,5520,188659,5.132275132275132
968,935.6266666666667,5527,189058,5.132275132275132
969,935.6266666666667,5533,189457,5.132275132275132
970,935.6266666666667,5539,189856,5.132275132275132
971,935.6266666666667,5546,190255,5.132275132275132
972,935.6266666666667,5552,190654,5.132275132275132
973,935.6266666666667,5558,191053,5.132275132275132
974,935.6266666666667,5564,191452,5.132275132275132
975,935.6266666666667,5570,191851,5.132275132275132
976,935.6266666666667,5576,192250,5.132275132275132
977,935.6266666666667,5582,192649,5.132275132275132
978,935.6266666666667,5588,193048,5.132275132275132
979,935.6266666666667,5595,193447,5.132275132275132
980,935.6266666666667,5602,193846,5.132275132275132
981,935.6266666666667,5608,194245,5.132275132275132
982,935.6266666666667,5614,194644,5.132275132275132
983,935.6266666666667,5620,195043,5.132275132275132
984,935.6266666666667,5626,195442,5.132275132275132
985,935.6266666666667,5632,195841,5.132275132275132
986,935.6266666666667,5638,196240,5.132275132275132
987,935.6266666666667,5644,196639,5.132275132275132
988,935.6266666666667,5650,197038,5.132275132275132
989,935.6266666666667,5656,197437,5.132275132275132
990,935.6266666666667,5663,197836,5.132275132275132
991,935.6266666666667,5669,198235,5.132275132275132
992,935.6266666666667,5675,198634,5.132275132275132
993,935.6266666666667,5681,199033,5.132275132275132
994,935.6266666666667,5687,199432,5.132275132275132
995,935.6266666666667,5693,199831,5.132275132275132
996,935.6266666666667,5700,200230,5.132275132275132
997,935.6266666666667,5706,200629,5.132275132275132
998,935.6266666666667,5712,201028,5.132275132275132
999,935.6266666666667,5719,201427,5.132275132275132
1000,935.6266666666667,5725,201826,5.132275132275132
