1,1099.3,5,22,13.333333333333334
2,1099.3,10,43,13.333333333333334
3,1099.3,15,64,13.333333333333334
4,1099.3,21,85,13.333333333333334
5,1085.82,26,106,2.2222222222222223
6,1085.82,32,127,2.2222222222222223
7,1085.82,38,148,2.2222222222222223
8,1085.82,44,169,2.2222222222222223
9,1085.82,50,190,2.2222222222222223
10,1085.82,56,211,2.2222222222222223
11,1080.8,62,232,2.5396825396825395
12,1066.82,67,253,6.825396825396825
13,1038.52,73,274,0.0
14,1038.52,80,295,0.0
15,1038.52,85,316,0.0
16,1038.52,91,337,0.0
17,1038.52,97,358,0.0
18,1038.52,103,379,0.0
19,1038.52,109,400,0.0
20,1038.52,115,421,0.0
21,1038.52,120,442,0.0
22,1038.52,126,463,0.0
23,1038.52,132,484,0.0
24,1038.52,138,505,0.0
25,1038.52,144,526,0.0
26,1038.52,150,547,0.0
27,1038.52,156,568,0.0
28,1038.52,162,589,0.0
29,1038.52,168,610,0.0
30,1038.52,175,631,0.0
31,1038.52,181,652,0.0
32,1038.52,187,673,0.0
33,1038.52,193,694,0.0
34,1038.52,199,715,0.0
35,1038.52,205,736,0.0
36,1038.52,211,757,0.0
37,1038.52,217,778,0.0
38,1038.52,223,799,0.0
39,1038.52,230,820,0.0
40,1038.52,235,841,0.0
41,1038.52,241,862,0.0
42,1038.52,247,883,0.0
43,1038.52,253,904,0.0
44,1038.52,260,925,0.0
45,1038.52,266,946,0.0
46,1038.52,272,967,0.0
47,1038.52,278,988,0.0
48,1038.52,284,1009,0.0
49,1038.52,290,1030,0.0
50,1038.52,296,1051,0.0
51,1038.52,302,1072,0.0
52,1038.52,308,1093,0.0
53,1038.52,314,1114,0.0
54,1038.52,321,1135,0.0
55,1038.52,327,1156,0.0
56,1038.52,332,1177,0.0
57,1038.52,338,1198,0.0
58,1038.52,344,1219,0.0
59,1038.52,351,1240,0.0
60,1038.52,357,1261,0.0
61,1038.52,363,1282,0.0
62,1038.52,369,1303,0.0
63,1038.52,376,1324,0.0
64,1038.52,382,1345,0.0
65,1038.52,387,1366,0.0
66,1038.52,393,1387,0.0
67,1038.52,399,1408,0.0
68,1038.52,405,1429,0.0
69,1038.52,411,1450,0.0
70,1038.52,417,1471,0.0
71,1034.72,423,1492,2.2222222222222223
72,1034.72,430,1513,2.2222222222222223
73,1034.72,437,1534,2.2222222222222223
74,1034.72,443,1555,2.2222222222222223
75,1034.72,449,1576,2.2222222222222223
76,1034.72,454,1597,2.2222222222222223
77,1034.72,460,1618,2.2222222222222223
78,1034.72,466,1639,2.2222222222222223
79,1034.72,472,1660,2.2222222222222223
80,1034.72,479,1681,2.2222222222222223
81,1034.72,485,1702,2.2222222222222223
82,1034.72,491,1723,2.2222222222222223
83,1034.72,499,1744,2.2222222222222223
84,1034.72,505,1765,2.2222222222222223
85,1034.72,511,1786,2.2222222222222223
86,1034.72,517,1807,2.2222222222222223
87,1034.72,524,1828,2.2222222222222223
88,1034.72,530,1849,2.2222222222222223
89,1034.72,536,1870,2.2222222222222223
90,1034.72,542,1891,2.2222222222222223
91,1034.72,550,1912,2.2222222222222223
92,1034.72,556,1933,2.2222222222222223
93,1034.72,562,1954,2.2222222222222223
94,1034.72,568,1975,2.2222222222222223
95,1034.72,575,1996,2.2222222222222223
96,981.34,581,2017,0.7936507936507936
97,981.34,587,2038,0.7936507936507936
98,981.34,593,2059,0.7936507936507936
99,981.34,599,2080,0.7936507936507936
100,981.34,605,2101,0.7936507936507936
101,981.34,611,2143,0.7936507936507936
102,981.34,617,2185,0.7936507936507936
103,981.34,623,2227,0.7936507936507936
104,981.34,629,2269,0.7936507936507936
105,981.34,635,2311,0.7936507936507936
106,981.34,641,2353,0.7936507936507936
107,981.34,647,2395,0.7936507936507936
108,981.34,654,2437,0.7936507936507936
109,981.34,660,2479,0.7936507936507936
110,981.34,666,2521,0.7936507936507936
111,981.34,672,2563,0.7936507936507936
112,981.34,678,2605,0.7936507936507936
113,981.34,684,2647,0.7936507936507936
114,981.34,690,2689,0.7936507936507936
115,981.34,696,2731,0.7936507936507936
116,981.34,702,2773,0.7936507936507936
117,981.34,708,2815,0.7936507936507936
118,981.34,714,2857,0.7936507936507936
119,981.34,721,2899,0.7936507936507936
120,981.34,727,2941,0.7936507936507936
121,981.34,733,2983,0.7936507936507936
122,981.34,739,3025,0.7936507936507936
123,981.34,745,3067,0.7936507936507936
124,981.34,751,3109,0.7936507936507936
125,981.34,757,3151,0.7936507936507936
126,981.34,765,3193,0.7936507936507936
127,981.34,771,3235,0.7936507936507936
128,981.34,777,3277,0.7936507936507936
129,981.34,783,3319,0.7936507936507936
130,981.34,790,3361,0.7936507936507936
131,981.34,797,3403,0.7936507936507936
132,981.34,803,3445,0.7936507936507936
133,981.34,809,3487,0.7936507936507936
134,981.34,815,3529,0.7936507936507936
135,981.34,821,3571,0.7936507936507936
136,981.34,827,3613,0.7936507936507936
137,981.34,833,3655,0.7936507936507936
138,981.34,840,3697,0.7936507936507936
139,981.34,847,3739,0.7936507936507936
140,981.34,853,3781,0.7936507936507936
141,981.34,858,3823,0.7936507936507936
142,981.34,865,3865,0.7936507936507936
143,981.34,871,3907,0.7936507936507936
144,981.34,877,3949,0.7936507936507936
145,981.34,883,3991,0.7936507936507936
146,981.34,888,4033,0.7936507936507936
147,981.34,894,4075,0.7936507936507936
148,981.34,901,4117,0.7936507936507936
149,981.34,907,4159,0.7936507936507936
150,981.34,913,4201,0.7936507936507936
151,981.34,919,4264,0.7936507936507936
152,981.34,925,4327,0.7936507936507936
153,981.34,932,4390,0.7936507936507936
154,981.34,938,4453,0.7936507936507936
155,981.34,944,4516,0.7936507936507936
156,981.34,950,4579,0.7936507936507936
157,981.34,956,4642,0.7936507936507936
158,981.34,962,4705,0.7936507936507936
159,981.34,968,4768,0.7936507936507936
160,981.34,974,4831,0.7936507936507936
161,981.34,980,4894,0.7936507936507936
162,981.34,986,4957,0.7936507936507936
163,981.34,992,5020,0.7936507936507936
164,981.34,998,5083,0.7936507936507936
165,981.34,1004,5146,0.7936507936507936
166,981.34,1011,5209,0.7936507936507936
167,981.34,1017,5272,0.7936507936507936
168,981.34,1023,5335,0.7936507936507936
169,981.34,1030,5398,0.7936507936507936
170,981.34,1036,5461,0.7936507936507936
171,981.34,1042,5524,0.7936507936507936
172,981.34,1048,5587,0.7936507936507936
173,981.34,1054,5650,0.7936507936507936
174,981.34,1060,5713,0.7936507936507936
175,981.34,1066,5776,0.7936507936507936
176,981.34,1072,5839,0.7936507936507936
177,981.34,1079,5902,0.7936507936507936
178,981.34,1085,5965,0.7936507936507936
179,981.34,1092,6028,0.7936507936507936
180,981.34,1098,6091,0.7936507936507936
181,981.34,1105,6154,0.7936507936507936
182,981.34,1112,6217,0.7936507936507936
183,981.34,1118,6280,0.7936507936507936
184,981.34,1124,6343,0.7936507936507936
185,981.34,1131,6406,0.7936507936507936
186,981.34,1137,6469,0.7936507936507936
187,981.34,1144,6532,0.7936507936507936
188,981.34,1151,6595,0.7936507936507936
189,981.34,1158,6658,0.7936507936507936
190,981.34,1166,6721,0.7936507936507936
191,981.34,1173,6784,0.7936507936507936
192,981.34,1181,6847,0.7936507936507936
193,981.34,1187,6910,0.7936507936507936
194,981.34,1193,6973,0.7936507936507936
195,981.34,1200,7036,0.7936507936507936
196,981.34,1206,7099,0.7936507936507936
197,981.34,1213,7162,0.7936507936507936
198,981.34,1219,7225,0.7936507936507936
199,981.34,1226,7288,0.7936507936507936
200,981.34,1232,7351,0.7936507936507936
201,981.34,1238,7435,0.7936507936507936
202,981.34,1244,7519,0.7936507936507936
203,981.34,1250,7603,0.7936507936507936
204,981.34,1257,7687,0.7936507936507936
205,981.34,1264,7771,0.7936507936507936
206,981.34,1271,7855,0.7936507936507936
207,981.34,1277,7939,0.7936507936507936
208,981.34,1283,8023,0.7936507936507936
209,981.34,1289,8107,0.7936507936507936
210,981.34,1296,8191,0.7936507936507936
211,981.34,1302,8275,0.7936507936507936
212,981.34,1308,8359,0.7936507936507936
213,981.34,1315,8443,0.7936507936507936
214,981.34,1321,8527,0.7936507936507936
215,981.34,1327,8611,0.7936507936507936
216,981.34,1333,8695,0.7936507936507936
217,981.34,1339,8779,0.7936507936507936
218,981.34,1345,8863,0.7936507936507936
219,981.34,1351,8947,0.7936507936507936
220,981.34,1357,9031,0.7936507936507936
221,981.34,1365,9115,0.7936507936507936
222,981.34,1371,9199,0.7936507936507936
223,981.34,1377,9283,0.7936507936507936
224,981.34,1382,9367,0.7936507936507936
225,981.34,1388,9451,0.7936507936507936
226,981.34,1394,9535,0.7936507936507936
227,981.34,1400,9619,0.7936507936507936
228,981.34,1406,9703,0.7936507936507936
229,981.34,1412,9787,0.7936507936507936
230,981.34,1418,9871,0.7936507936507936
231,981.34,1424,9955,0.7936507936507936
232,981.34,1430,10039,0.7936507936507936
233,981.34,1435,10123,0.7936507936507936
234,981.34,1441,10207,0.7936507936507936
235,981.34,1447,10291,0.7936507936507936
236,981.34,1454,10375,0.7936507936507936
237,981.34,1462,10459,0.7936507936507936
238,977.35,1468,10543,3.6111111111111116
239,977.35,1473,10627,3.6111111111111116
240,977.35,1479,10711,3.6111111111111116
241,977.35,1485,10795,3.6111111111111116
242,977.35,1491,10879,3.6111111111111116
243,977.35,1497,10963,3.6111111111111116
244,977.35,1503,11047,3.6111111111111116
245,977.35,1508,11131,3.6111111111111116
246,977.35,1514,11215,3.6111111111111116
247,977.35,1520,11299,3.6111111111111116
248,976.99,1526,11383,3.055555555555556
249,969.615,1532,11467,5.515873015873016
250,969.615,1537,11551,5.515873015873016
251,969.615,1544,11656,5.515873015873016
252,969.615,1551,11761,5.515873015873016
253,969.615,1557,11866,5.515873015873016
254,969.615,1563,11971,5.515873015873016
255,969.615,1569,12076,5.515873015873016
256,969.615,1575,12181,5.515873015873016
257,969.615,1581,12286,5.515873015873016
258,969.615,1587,12391,5.515873015873016
259,952.948,1594,12496,4.063492063492063
260,952.948,1602,12601,4.063492063492063
261,952.948,1608,12706,4.063492063492063
262,952.948,1614,12811,4.063492063492063
263,952.948,1620,12916,4.063492063492063
264,952.948,1626,13021,4.063492063492063
265,952.948,1633,13126,4.063492063492063
266,952.948,1639,13231,4.063492063492063
267,952.948,1644,13336,4.063492063492063
268,952.948,1650,13441,4.063492063492063
269,952.948,1656,13546,4.063492063492063
270,952.948,1663,13651,4.063492063492063
271,952.948,1669,13756,4.063492063492063
272,952.948,1676,13861,4.063492063492063
273,952.948,1682,13966,4.063492063492063
274,952.948,1688,14071,4.063492063492063
275,952.948,1694,14176,4.063492063492063
276,952.948,1700,14281,4.063492063492063
277,952.948,1706,14386,4.063492063492063
278,952.948,1712,14491,4.063492063492063
279,949.284,1718,14596,4.063492063492064
280,949.284,1724,14701,4.063492063492064
281,949.284,1730,14806,4.063492063492064
282,949.284,1736,14911,4.063492063492064
283,949.284,1741,15016,4.063492063492064
284,945.708,1747,15121,5.65079365079365
285,945.708,1753,15226,5.65079365079365
286,945.708,1759,15331,5.65079365079365
287,945.708,1765,15436,5.65079365079365
288,945.708,1774,15541,5.65079365079365
289,945.708,1783,15646,5.65079365079365
290,945.708,1789,15751,5.65079365079365
291,945.708,1796,15856,5.65079365079365
292,945.708,1802,15961,5.65079365079365
293,945.708,1807,16066,5.65079365079365
294,945.708,1814,16171,5.65079365079365
295,945.708,1819,16276,5.65079365079365
296,945.708,1825,16381,5.65079365079365
297,945.708,1831,16486,5.65079365079365
298,945.708,1837,16591,5.65079365079365
299,945.708,1843,16696,5.65079365079365
300,945.708,1849,16801,5.65079365079365
301,945.708,1855,16927,5.65079365079365
302,945.708,1861,17053,5.65079365079365
303,945.708,1867,17179,5.65079365079365
304,945.708,1873,17305,5.65079365079365
305,945.708,1879,17431,5.65079365079365
306,945.708,1885,17557,5.65079365079365
307,945.708,1891,17683,5.65079365079365
308,945.708,1897,17809,5.65079365079365
309,940.2933333333334,1903,17935,4.576719576719577
310,940.2933333333334,1909,18061,4.576719576719577
311,940.2933333333334,1914,18187,4.576719576719577
312,940.2933333333334,1920,18313,4.576719576719577
313,940.2933333333334,1926,18439,4.576719576719577
314,940.2933333333334,1932,18565,4.576719576719577
315,940.2933333333334,1937,18691,4.576719576719577
316,940.2933333333334,1943,18817,4.576719576719577
317,940.2933333333334,1949,18943,4.576719576719577
318,940.2933333333334,1955,19069,4.576719576719577
319,940.2933333333334,1962,19195,4.576719576719577
320,940.2933333333334,1968,19321,4.576719576719577
321,940.2933333333334,1974,19447,4.576719576719577
322,940.2933333333334,1980,19573,4.576719576719577
323,940.2933333333334,1985,19699,4.576719576719577
324,940.2933333333334,1991,19825,4.576719576719577
325,940.2933333333334,1997,19951,4.576719576719577
326,940.2933333333334,2003,20077,4.576719576719577
327,940.2933333333334,2008,20203,4.576719576719577
328,940.2933333333334,2014,20329,4.576719576719577
329,940.2933333333334,2021,20455,4.576719576719577
330,940.2933333333334,2027,20581,4.576719576719577
331,940.2933333333334,2033,20707,4.576719576719577
332,940.2933333333334,2038,20833,4.576719576719577
333,940.2933333333334,2045,20959,4.576719576719577
334,940.2933333333334,2050,21085,4.576719576719577
335,940.2933333333334,2056,21211,4.576719576719577
336,935.4433333333333,2062,21337,2.380952380952381
337,935.4433333333333,2067,21463,2.380952380952381
338,935.4433333333333,2073,21589,2.380952380952381
339,935.4433333333333,2079,21715,2.380952380952381
340,935.4433333333333,2085,21841,2.380952380952381
341,935.4433333333333,2091,21967,2.380952380952381
342,935.4433333333333,2097,22093,2.380952380952381
343,935.4433333333333,2102,22219,2.380952380952381
344,935.4433333333333,2108,22345,2.380952380952381
345,935.4433333333333,2113,22471,2.380952380952381
346,935.4433333333333,2119,22597,2.380952380952381
347,935.4433333333333,2125,22723,2.380952380952381
348,935.4433333333333,2131,22849,2.380952380952381
349,935.4433333333333,2138,22975,2.380952380952381
350,935.4433333333333,2144,23101,2.380952380952381
351,935.4433333333333,2150,23248,2.380952380952381
352,935.4433333333333,2155,23395,2.380952380952381
353,935.4433333333333,2162,23542,2.380952380952381
354,935.4433333333333,2168,23689,2.380952380952381
355,935.4433333333333,2174,23836,2.380952380952381
356,935.4433333333333,2180,23983,2.380952380952381
357,935.4433333333333,2186,24130,2.380952380952381
358,935.4433333333333,2192,24277,2.380952380952381
359,935.4433333333333,2197,24424,2.380952380952381
360,935.4433333333333,2203,24571,2.380952380952381
361,935.4433333333333,2209,24718,2.380952380952381
362,935.4433333333333,2215,24865,2.380952380952381
363,932.8685714285714,2221,25012,3.8321995464852607
364,932.8685714285714,2226,25159,3.8321995464852607
365,927.0114285714286,2232,25306,2.17687074829932
366,927.0114285714286,2237,25453,2.17687074829932
367,927.0114285714286,2244,25600,2.17687074829932
368,927.0114285714286,2251,25747,2.17687074829932
369,927.0114285714286,2257,25894,2.17687074829932
370,927.0114285714286,2263,26041,2.17687074829932
371,927.0114285714286,2268,26188,2.17687074829932
372,927.0114285714286,2273,26335,2.17687074829932
373,927.0114285714286,2279,26482,2.17687074829932
374,927.0114285714286,2284,26629,2.17687074829932
375,927.0114285714286,2290,26776,2.17687074829932
376,927.0114285714286,2296,26923,2.17687074829932
377,927.0114285714286,2302,27070,2.17687074829932
378,927.0114285714286,2307,27217,2.17687074829932
379,927.0114285714286,2313,27364,2.17687074829932
380,927.0114285714286,2318,27511,2.17687074829932
381,927.0114285714286,2324,27658,2.17687074829932
382,927.0114285714286,2330,27805,2.17687074829932
383,927.0114285714286,2335,27952,2.17687074829932
384,927.0114285714286,2340,28099,2.17687074829932
385,927.0114285714286,2346,28246,2.17687074829932
386,927.0114285714286,2352,28393,2.17687074829932
387,927.0114285714286,2358,28540,2.17687074829932
388,927.0114285714286,2363,28687,2.17687074829932
389,927.0114285714286,2369,28834,2.17687074829932
390,927.0114285714286,2374,28981,2.17687074829932
391,927.0114285714286,2380,29128,2.17687074829932
392,927.0114285714286,2385,29275,2.17687074829932
393,927.0114285714286,2391,29422,2.17687074829932
394,927.0114285714286,2396,29569,2.17687074829932
395,927.0114285714286,2402,29716,2.17687074829932
396,927.0114285714286,2408,29863,2.17687074829932
397,927.0114285714286,2413,30010,2.17687074829932
398,927.0114285714286,2419,30157,2.17687074829932
399,927.0114285714286,2424,30304,2.17687074829932
400,927.0114285714286,2430,30451,2.17687074829932
401,927.0114285714286,2435,30619,2.17687074829932
402,927.0114285714286,2441,30787,2.17687074829932
403,927.0114285714286,2447,30955,2.17687074829932
404,927.0114285714286,2454,31123,2.17687074829932
405,927.0114285714286,2460,31291,2.17687074829932
406,927.0114285714286,2465,31459,2.17687074829932
407,927.0114285714286,2471,31627,2.17687074829932
408,927.0114285714286,2476,31795,2.17687074829932
409,925.8625000000001,2482,31963,4.801587301587302
410,925.8625000000001,2487,32131,4.801587301587302
411,925.8625000000001,2494,32299,4.801587301587302
412,925.8625000000001,2499,32467,4.801587301587302
413,925.8625000000001,2504,32635,4.801587301587302
414,925.8625000000001,2510,32803,4.801587301587302
415,925.8625000000001,2515,32971,4.801587301587302
416,925.8625000000001,2520,33139,4.801587301587302
417,925.8625000000001,2526,33307,4.801587301587302
418,925.8625000000001,2531,33475,4.801587301587302
419,925.8625000000001,2537,33643,4.801587301587302
420,925.8625000000001,2542,33811,4.801587301587302
421,925.8625000000001,2549,33979,4.801587301587302
422,925.8625000000001,2554,34147,4.801587301587302
423,925.8625000000001,2560,34315,4.801587301587302
424,925.8625000000001,2565,34483,4.801587301587302
425,925.8625000000001,2570,34651,4.801587301587302
426,925.8625000000001,2575,34819,4.801587301587302
427,925.8625000000001,2580,34987,4.801587301587302
428,925.8625000000001,2586,35155,4.801587301587302
429,925.8625000000001,2591,35323,4.801587301587302
430,925.8625000000001,2597,35491,4.801587301587302
431,925.8625000000001,2602,35659,4.801587301587302
432,925.8625000000001,2607,35827,4.801587301587302
433,925.8625000000001,2613,35995,4.801587301587302
434,925.8625000000001,2618,36163,4.801587301587302
435,925.8625000000001,2623,36331,4.801587301587302
436,925.8625000000001,2628,36499,4.801587301587302
437,925.8625000000001,2634,36667,4.801587301587302
438,925.8625000000001,2640,36835,4.801587301587302
439,925.8625000000001,2645,37003,4.801587301587302
440,925.8625000000001,2651,37171,4.801587301587302
441,925.8625000000001,2656,37339,4.801587301587302
442,925.8625000000001,2662,37507,4.801587301587302
443,925.8625000000001,2668,37675,4.801587301587302
444,925.8625000000001,2673,37843,4.801587301587302
445,925.8625000000001,2679,38011,4.801587301587302
446,925.8625000000001,2685,38179,4.801587301587302
447,925.8625000000001,2690,38347,4.801587301587302
448,925.8625000000001,2696,38515,4.801587301587302
449,925.8625000000001,2702,38683,4.801587301587302
450,925.8625000000001,2707,38851,4.801587301587302
451,925.8625000000001,2718,39040,4.801587301587302
452,925.8625000000001,2728,39229,4.801587301587302
453,925.8625000000001,2735,39418,4.801587301587302
454,925.8625000000001,2745,39607,4.801587301587302
455,925.8625000000001,2753,39796,4.801587301587302
456,925.8625000000001,2763,39985,4.801587301587302
457,925.8625000000001,2772,40174,4.801587301587302
458,925.8625000000001,2782,40363,4.801587301587302
459,925.8625000000001,2791,40552,4.801587301587302
460,925.8625000000001,2800,40741,4.801587301587302
461,925.8625000000001,2808,40930,4.801587301587302
462,925.8625000000001,2817,41119,4.801587301587302
463,925.8625000000001,2827,41308,4.801587301587302
464,925.8625000000001,2836,41497,4.801587301587302
465,925.8625000000001,2845,41686,4.801587301587302
466,925.8625000000001,2854,41875,4.801587301587302
467,925.8625000000001,2863,42064,4.801587301587302
468,925.8625000000001,2872,42253,4.801587301587302
469,925.8625000000001,2882,42442,4.801587301587302
470,925.8625000000001,2893,42631,4.801587301587302
471,925.8625000000001,2902,42820,4.801587301587302
472,925.8625000000001,2911,43009,4.801587301587302
473,925.8625000000001,2922,43198,4.801587301587302
474,925.8625000000001,2933,43387,4.801587301587302
475,925.8625000000001,2943,43576,4.801587301587302
476,925.8625000000001,2954,43765,4.801587301587302
477,925.8625000000001,2966,43954,4.801587301587302
478,925.8625000000001,2975,44143,4.801587301587302
479,925.8625000000001,2985,44332,4.801587301587302
480,925.8625000000001,2996,44521,4.801587301587302
481,925.8625000000001,3006,44710,4.801587301587302
482,925.8625000000001,3018,44899,4.801587301587302
483,925.8625000000001,3031,45088,4.801587301587302
484,925.8625000000001,3043,45277,4.801587301587302
485,925.8625000000001,3058,45466,4.801587301587302
486,925.8625000000001,3068,45655,4.801587301587302
487,925.8625000000001,3076,45844,4.801587301587302
488,925.8625000000001,3084,46033,4.801587301587302
489,925.8625000000001,3092,46222,4.801587301587302
490,925.8625000000001,3099,46411,4.801587301587302
491,925.8625000000001,3107,46600,4.801587301587302
492,925.8625000000001,3115,46789,4.801587301587302
493,925.8625000000001,3123,46978,4.801587301587302
494,925.8625000000001,3128,47167,4.801587301587302
495,925.8625000000001,3134,47356,4.801587301587302
496,925.8625000000001,3140,47545,4.801587301587302
497,925.8625000000001,3146,47734,4.801587301587302
498,925.8625000000001,3151,47923,4.801587301587302
499,925.8625000000001,3157,48112,4.801587301587302
500,925.8625000000001,3163,48301,4.801587301587302
501,925.8625000000001,3168,48511,4.801587301587302
502,925.8625000000001,3174,48721,4.801587301587302
503,925.8625000000001,3182,48931,4.801587301587302
504,925.8625000000001,3187,49141,4.801587301587302
505,925.8625000000001,3193,49351,4.801587301587302
506,925.8625000000001,3199,49561,4.801587301587302
507,925.8625000000001,3205,49771,4.801587301587302
508,925.8625000000001,3211,49981,4.801587301587302
509,925.8625000000001,3216,50191,4.801587301587302
510,925.8625000000001,3221,50401,4.801587301587302
511,925.8625000000001,3227,50611,4.801587301587302
512,925.8625000000001,3233,50821,4.801587301587302
513,925.8625000000001,3238,51031,4.801587301587302
514,925.8625000000001,3244,51241,4.801587301587302
515,925.8625000000001,3249,51451,4.801587301587302
516,925.8625000000001,3254,51661,4.801587301587302
517,925.8625000000001,3260,51871,4.801587301587302
518,925.8625000000001,3266,52081,4.801587301587302
519,925.8625000000001,3271,52291,4.801587301587302
520,925.8625000000001,3277,52501,4.801587301587302
521,925.8625000000001,3282,52711,4.801587301587302
522,925.8625000000001,3288,52921,4.801587301587302
523,925.8625000000001,3293,53131,4.801587301587302
524,925.8625000000001,3299,53341,4.801587301587302
525,925.8625000000001,3307,53551,4.801587301587302
526,925.8625000000001,3312,53761,4.801587301587302
527,925.8625000000001,3318,53971,4.801587301587302
528,925.8625000000001,3323,54181,4.801587301587302
529,925.8625000000001,3329,54391,4.801587301587302
530,925.8625000000001,3335,54601,4.801587301587302
531,925.8625000000001,3341,54811,4.801587301587302
532,925.8625000000001,3346,55021,4.801587301587302
533,925.8625000000001,3352,55231,4.801587301587302
534,925.8625000000001,3357,55441,4.801587301587302
535,925.8625000000001,3363,55651,4.801587301587302
536,925.8625000000001,3369,55861,4.801587301587302
537,925.8625000000001,3374,56071,4.801587301587302
538,925.8625000000001,3380,56281,4.801587301587302
539,925.8625000000001,3386,56491,4.801587301587302
540,925.8625000000001,3392,56701,4.801587301587302
541,925.8625000000001,3398,56911,4.801587301587302
542,925.8625000000001,3404,57121,4.801587301587302
543,925.8625000000001,3410,57331,4.801587301587302
544,925.8625000000001,3416,57541,4.801587301587302
545,925.8625000000001,3421,57751,4.801587301587302
546,925.8625000000001,3428,57961,4.801587301587302
547,925.8625000000001,3433,58171,4.801587301587302
548,925.8625000000001,3439,58381,4.801587301587302
549,925.8625000000001,3445,58591,4.801587301587302
550,925.8625000000001,3450,58801,4.801587301587302
551,925.8625000000001,3455,59032,4.801587301587302
552,925.8625000000001,3463,59263,4.801587301587302
553,925.8625000000001,3469,59494,4.801587301587302
554,925.8625000000001,3474,59725,4.801587301587302
555,925.8625000000001,3480,59956,4.801587301587302
556,925.8625000000001,3489,60187,4.801587301587302
557,925.8625000000001,3498,60418,4.801587301587302
558,925.8625000000001,3505,60649,4.801587301587302
559,925.8625000000001,3513,60880,4.801587301587302
560,925.8625000000001,3520,61111,4.801587301587302
561,925.8625000000001,3528,61342,4.801587301587302
562,925.8625000000001,3535,61573,4.801587301587302
563,925.8625000000001,3544,61804,4.801587301587302
564,925.8625000000001,3552,62035,4.801587301587302
565,925.8625000000001,3559,62266,4.801587301587302
566,925.8625000000001,3565,62497,4.801587301587302
567,925.8625000000001,3573,62728,4.801587301587302
568,925.8625000000001,3580,62959,4.801587301587302
569,925.8625000000001,3586,63190,4.801587301587302
570,925.8625000000001,3593,63421,4.801587301587302
571,925.8625000000001,3600,63652,4.801587301587302
572,925.8625000000001,3608,63883,4.801587301587302
573,925.8625000000001,3615,64114,4.801587301587302
574,925.8625000000001,3622,64345,4.801587301587302
575,925.8625000000001,3629,64576,4.801587301587302
576,925.8625000000001,3637,64807,4.801587301587302
577,925.8625000000001,3645,65038,4.801587301587302
578,925.8625000000001,3652,65269,4.801587301587302
579,925.8625000000001,3661,65500,4.801587301587302
580,925.8625000000001,3668,65731,4.801587301587302
581,925.8625000000001,3676,65962,4.801587301587302
582,925.8625000000001,3684,66193,4.801587301587302
583,925.8625000000001,3694,66424,4.801587301587302
584,925.8625000000001,3703,66655,4.801587301587302
585,925.8625000000001,3726,66886,4.801587301587302
586,925.8625000000001,3736,67117,4.801587301587302
587,925.8625000000001,3745,67348,4.801587301587302
588,925.8625000000001,3754,67579,4.801587301587302
589,925.8625000000001,3764,67810,4.801587301587302
590,925.8625000000001,3774,68041,4.801587301587302
591,925.8625000000001,3790,68272,4.801587301587302
592,925.8625000000001,3799,68503,4.801587301587302
593,925.8625000000001,3810,68734,4.801587301587302
594,925.8625000000001,3819,68965,4.801587301587302
595,925.8625000000001,3829,69196,4.801587301587302
596,925.8625000000001,3835,69427,4.801587301587302
597,925.8625000000001,3846,69658,4.801587301587302
598,925.8625000000001,3854,69889,4.801587301587302
599,925.8625000000001,3861,70120,4.801587301587302
600,925.8625000000001,3868,70351,4.801587301587302
601,925.8625000000001,3875,70603,4.801587301587302
602,925.8625000000001,3882,70855,4.801587301587302
603,925.8625000000001,3889,71107,4.801587301587302
604,925.8625000000001,3897,71359,4.801587301587302
605,925.8625000000001,3904,71611,4.801587301587302
606,925.8625000000001,3911,71863,4.801587301587302
607,925.8625000000001,3918,72115,4.801587301587302
608,925.8625000000001,3924,72367,4.801587301587302
609,925.8625000000001,3930,72619,4.801587301587302
610,925.8625000000001,3935,72871,4.801587301587302
611,925.8625000000001,3940,73123,4.801587301587302
612,925.8625000000001,3946,73375,4.801587301587302
613,925.8625000000001,3951,73627,4.801587301587302
614,925.8625000000001,3956,73879,4.801587301587302
615,925.8625000000001,3962,74131,4.801587301587302
616,925.8625000000001,3967,74383,4.801587301587302
617,925.8625000000001,3973,74635,4.801587301587302
618,925.8625000000001,3978,74887,4.801587301587302
619,925.8625000000001,3983,75139,4.801587301587302
620,925.8625000000001,3988,75391,4.801587301587302
621,925.8625000000001,3994,75643,4.801587301587302
622,925.8625000000001,3999,75895,4.801587301587302
623,925.8625000000001,4005,76147,4.801587301587302
624,925.8625000000001,4011,76399,4.801587301587302
625,925.8625000000001,4016,76651,4.801587301587302
626,925.8625000000001,4023,76903,4.801587301587302
627,925.8625000000001,4028,77155,4.801587301587302
628,925.8625000000001,4034,77407,4.801587301587302
629,925.8625000000001,4039,77659,4.801587301587302
630,925.8625000000001,4045,77911,4.801587301587302
631,925.8625000000001,4050,78163,4.801587301587302
632,925.8625000000001,4056,78415,4.801587301587302
633,925.8625000000001,4061,78667,4.801587301587302
634,925.8625000000001,4067,78919,4.801587301587302
635,925.8625000000001,4072,79171,4.801587301587302
636,925.8625000000001,4078,79423,4.801587301587302
637,925.8625000000001,4084,79675,4.801587301587302
638,925.8625000000001,4089,79927,4.801587301587302
639,925.8625000000001,4095,80179,4.801587301587302
640,925.8625000000001,4101,80431,4.801587301587302
641,925.8625000000001,4107,80683,4.801587301587302
642,925.8625000000001,4113,80935,4.801587301587302
643,925.8625000000001,4118,81187,4.801587301587302
644,925.8625000000001,4124,81439,4.801587301587302
645,925.8625000000001,4129,81691,4.801587301587302
646,925.8625000000001,4134,81943,4.801587301587302
647,925.8625000000001,4140,82195,4.801587301587302
648,925.8625000000001,4145,82447,4.801587301587302
649,925.8625000000001,4150,82699,4.801587301587302
650,925.8625000000001,4156,82951,4.801587301587302
651,925.8625000000001,4161,83224,4.801587301587302
652,925.8625000000001,4167,83497,4.801587301587302
653,925.8625000000001,4173,83770,4.801587301587302
654,925.8625000000001,4178,84043,4.801587301587302
655,925.8625000000001,4184,84316,4.801587301587302
656,925.8625000000001,4190,84589,4.801587301587302
657,925.8625000000001,4196,84862,4.801587301587302
658,925.8625000000001,4202,85135,4.801587301587302
659,925.8625000000001,4207,85408,4.801587301587302
660,925.8625000000001,4213,85681,4.801587301587302
661,925.8625000000001,4218,85954,4.801587301587302
662,925.8625000000001,4224,86227,4.801587301587302
663,925.8625000000001,4230,86500,4.801587301587302
664,925.8625000000001,4235,86773,4.801587301587302
665,925.8625000000001,4241,87046,4.801587301587302
666,925.8625000000001,4246,87319,4.801587301587302
667,925.8625000000001,4251,87592,4.801587301587302
668,925.8625000000001,4257,87865,4.801587301587302
669,925.8625000000001,4263,88138,4.801587301587302
670,925.8625000000001,4268,88411,4.801587301587302
671,925.8625000000001,4274,88684,4.801587301587302
672,925.8625000000001,4280,88957,4.801587301587302
673,925.8625000000001,4286,89230,4.801587301587302
674,925.8625000000001,4292,89503,4.801587301587302
675,925.8625000000001,4299,89776,4.801587301587302
676,925.8625000000001,4307,90049,4.801587301587302
677,925.8625000000001,4313,90322,4.801587301587302
678,925.8625000000001,4319,90595,4.801587301587302
679,925.8625000000001,4325,90868,4.801587301587302
680,925.8625000000001,4331,91141,4.801587301587302
681,925.8625000000001,4338,91414,4.801587301587302
682,925.8625000000001,4344,91687,4.801587301587302
683,925.8625000000001,4350,91960,4.801587301587302
684,925.8625000000001,4356,92233,4.801587301587302
685,925.8625000000001,4362,92506,4.801587301587302
686,925.8625000000001,4368,92779,4.801587301587302
687,925.8625000000001,4374,93052,4.801587301587302
688,925.8625000000001,4380,93325,4.801587301587302
689,925.8625000000001,4385,93598,4.801587301587302
690,925.8625000000001,4392,93871,4.801587301587302
691,925.8625000000001,4398,94144,4.801587301587302
692,925.8625000000001,4404,94417,4.801587301587302
693,925.8625000000001,4410,94690,4.801587301587302
694,925.8625000000001,4416,94963,4.801587301587302
695,925.8625000000001,4422,95236,4.801587301587302
696,925.8625000000001,4428,95509,4.801587301587302
697,925.8625000000001,4434,95782,4.801587301587302
698,925.8625000000001,4440,96055,4.801587301587302
699,925.8625000000001,4446,96328,4.801587301587302
700,925.8625000000001,4452,96601,4.801587301587302
701,925.8625000000001,4458,96895,4.801587301587302
702,925.8625000000001,4464,97189,4.801587301587302
703,925.8625000000001,4470,97483,4.801587301587302
704,925.8625000000001,4476,97777,4.801587301587302
705,925.8625000000001,4482,98071,4.801587301587302
706,925.8625000000001,4489,98365,4.801587301587302
707,925.8625000000001,4495,98659,4.801587301587302
708,925.8625000000001,4501,98953,4.801587301587302
709,925.8625000000001,4507,99247,4.801587301587302
710,925.8625000000001,4513,99541,4.801587301587302
711,925.8625000000001,4519,99835,4.801587301587302
712,925.8625000000001,4525,100129,4.801587301587302
713,925.8625000000001,4530,100423,4.801587301587302
714,925.8625000000001,4536,100717,4.801587301587302
715,925.8625000000001,4542,101011,4.801587301587302
716,925.8625000000001,4548,101305,4.801587301587302
717,925.8625000000001,4554,101599,4.801587301587302
718,925.8625000000001,4560,101893,4.801587301587302
719,925.8625000000001,4565,102187,4.801587301587302
720,925.8625000000001,4571,102481,4.801587301587302
721,925.8625000000001,4577,102775,4.801587301587302
722,925.8625000000001,4583,103069,4.801587301587302
723,925.8625000000001,4589,103363,4.801587301587302
724,925.8625000000001,4595,103657,4.801587301587302
725,925.8625000000001,4600,103951,4.801587301587302
726,925.8625000000001,4606,104245,4.801587301587302
727,925.8625000000001,4613,104539,4.801587301587302
728,925.8625000000001,4619,104833,4.801587301587302
729,925.8625000000001,4626,105127,4.801587301587302
730,925.8625000000001,4631,105421,4.801587301587302
731,925.8625000000001,4637,105715,4.801587301587302
732,925.8625000000001,4643,106009,4.801587301587302
733,925.8625000000001,4649,106303,4.801587301587302
734,925.8625000000001,4655,106597,4.801587301587302
735,925.8625000000001,4662,106891,4.801587301587302
736,925.8625000000001,4668,107185,4.801587301587302
737,925.8625000000001,4675,107479,4.801587301587302
738,925.8625000000001,4681,107773,4.801587301587302
739,925.8625000000001,4687,108067,4.801587301587302
740,925.8625000000001,4692,108361,4.801587301587302
741,925.8625000000001,4698,108655,4.801587301587302
742,925.8625000000001,4703,108949,4.801587301587302
743,925.8625000000001,4708,109243,4.801587301587302
744,925.8625000000001,4714,109537,4.801587301587302
745,925.8625000000001,4720,109831,4.801587301587302
746,925.8625000000001,4726,110125,4.801587301587302
747,925.8625000000001,4731,110419,4.801587301587302
748,925.8625000000001,4737,110713,4.801587301587302
749,925.8625000000001,4742,111007,4.801587301587302
750,925.8625000000001,4747,111301,4.801587301587302
751,925.8625000000001,4753,111616,4.801587301587302
752,925.8625000000001,4758,111931,4.801587301587302
753,925.8625000000001,4764,112246,4.801587301587302
754,925.8625000000001,4770,112561,4.801587301587302
755,925.8625000000001,4776,112876,4.801587301587302
756,925.8625000000001,4782,113191,4.801587301587302
757,925.8625000000001,4788,113506,4.801587301587302
758,925.8625000000001,4793,113821,4.801587301587302
759,925.8625000000001,4799,114136,4.801587301587302
760,925.8625000000001,4805,114451,4.801587301587302
761,925.8625000000001,4811,114766,4.801587301587302
762,925.8625000000001,4817,115081,4.801587301587302
763,925.8625000000001,4823,115396,4.801587301587302
764,925.8625000000001,4828,115711,4.801587301587302
765,925.8625000000001,4834,116026,4.801587301587302
766,925.8625000000001,4840,116341,4.801587301587302
767,925.8625000000001,4846,116656,4.801587301587302
768,925.8625000000001,4852,116971,4.801587301587302
769,925.8625000000001,4858,117286,4.801587301587302
770,925.8625000000001,4864,117601,4.801587301587302
771,925.8625000000001,4870,117916,4.801587301587302
772,925.8625000000001,4876,118231,4.801587301587302
773,925.8625000000001,4882,118546,4.801587301587302
774,925.8625000000001,4888,118861,4.801587301587302
775,925.8625000000001,4895,119176,4.801587301587302
776,925.8625000000001,4900,119491,4.801587301587302
777,925.8625000000001,4906,119806,4.801587301587302
778,925.8625000000001,4912,120121,4.801587301587302
779,925.8625000000001,4917,120436,4.801587301587302
780,925.8625000000001,4923,120751,4.801587301587302
781,925.8625000000001,4929,121066,4.801587301587302
782,925.8625000000001,4935,121381,4.801587301587302
783,925.8625000000001,4941,121696,4.801587301587302
784,925.8625000000001,4947,122011,4.801587301587302
785,925.8625000000001,4953,122326,4.801587301587302
786,925.8625000000001,4958,122641,4.801587301587302
787,925.8625000000001,4964,122956,4.801587301587302
788,925.8625000000001,4970,123271,4.801587301587302
789,925.8625000000001,4976,123586,4.801587301587302
790,925.8625000000001,4981,123901,4.801587301587302
791,925.8625000000001,4988,124216,4.801587301587302
792,925.8625000000001,4993,124531,4.801587301587302
793,925.8625000000001,4999,124846,4.801587301587302
794,925.8625000000001,5005,125161,4.801587301587302
795,925.8625000000001,5011,125476,4.801587301587302
796,925.8625000000001,5016,125791,4.801587301587302
797,925.8625000000001,5022,126106,4.801587301587302
798,925.8625000000001,5028,126421,4.801587301587302
799,925.8625000000001,5034,126736,4.801587301587302
800,925.8625000000001,5039,127051,4.801587301587302
801,925.8625000000001,5045,127387,4.801587301587302
802,925.8625000000001,5051,127723,4.801587301587302
803,925.8625000000001,5057,128059,4.801587301587302
804,925.8625000000001,5063,128395,4.801587301587302
805,925.8625000000001,5069,128731,4.801587301587302
806,925.8625000000001,5075,129067,4.801587301587302
807,925.8625000000001,5081,129403,4.801587301587302
808,925.8625000000001,5087,129739,4.801587301587302
809,925.8625000000001,5093,130075,4.801587301587302
810,925.8625000000001,5099,130411,4.801587301587302
811,925.8625000000001,5105,130747,4.801587301587302
812,925.8625000000001,5111,131083,4.801587301587302
813,925.8625000000001,5116,131419,4.801587301587302
814,925.8625000000001,5122,131755,4.801587301587302
815,925.8625000000001,5128,132091,4.801587301587302
816,925.8625000000001,5134,132427,4.801587301587302
817,925.8625000000001,5140,132763,4.801587301587302
818,925.8625000000001,5146,133099,4.801587301587302
819,925.8625000000001,5151,133435,4.801587301587302
820,925.8625000000001,5157,133771,4.801587301587302
821,925.8625000000001,5163,134107,4.801587301587302
822,925.8625000000001,5169,134443,4.801587301587302
823,925.8625000000001,5175,134779,4.801587301587302
824,925.8625000000001,5182,135115,4.801587301587302
825,925.8625000000001,5188,135451,4.801587301587302
826,925.8625000000001,5194,135787,4.801587301587302
827,925.8625000000001,5199,136123,4.801587301587302
828,925.8625000000001,5206,136459,4.801587301587302
829,925.8625000000001,5211,136795,4.801587301587302
830,925.8625000000001,5218,137131,4.801587301587302
831,925.8625000000001,5224,137467,4.801587301587302
832,925.8625000000001,5230,137803,4.801587301587302
833,925.8625000000001,5236,138139,4.801587301587302
834,925.8625000000001,5242,138475,4.801587301587302
835,925.8625000000001,5247,138811,4.801587301587302
836,925.8625000000001,5253,139147,4.801587301587302
837,925.8625000000001,5259,139483,4.801587301587302
838,925.8625000000001,5266,139819,4.801587301587302
839,925.8625000000001,5272,140155,4.801587301587302
840,925.8625000000001,5277,140491,4.801587301587302
841,925.8625000000001,5283,140827,4.801587301587302
842,925.8625000000001,5289,141163,4.801587301587302
843,925.8625000000001,5295,141499,4.801587301587302
844,925.8625000000001,5301,141835,4.801587301587302
845,925.8625000000001,5308,142171,4.801587301587302
846,925.8625000000001,5313,142507,4.801587301587302
847,925.8625000000001,5319,142843,4.801587301587302
848,925.8625000000001,5325,143179,4.801587301587302
849,925.8625000000001,5331,143515,4.801587301587302
850,925.8625000000001,5337,143851,4.801587301587302
851,925.8625000000001,5343,144208,4.801587301587302
852,925.8625000000001,5348,144565,4.801587301587302
853,925.8625000000001,5354,144922,4.801587301587302
854,925.8625000000001,5361,145279,4.801587301587302
855,925.8625000000001,5367,145636,4.801587301587302
856,925.8625000000001,5374,145993,4.801587301587302
857,925.8625000000001,5381,146350,4.801587301587302
858,925.8625000000001,5387,146707,4.801587301587302
859,925.8625000000001,5392,147064,4.801587301587302
860,925.8625000000001,5398,147421,4.801587301587302
861,925.8625000000001,5404,147778,4.801587301587302
862,925.8625000000001,5411,148135,4.801587301587302
863,925.8625000000001,5417,148492,4.801587301587302
864,925.8625000000001,5423,148849,4.801587301587302
865,925.8625000000001,5429,149206,4.801587301587302
866,925.8625000000001,5435,149563,4.801587301587302
867,925.8625000000001,5440,149920,4.801587301587302
868,925.8625000000001,5446,150277,4.801587301587302
869,925.8625000000001,5452,150634,4.801587301587302
870,925.8625000000001,5458,150991,4.801587301587302
871,925.8625000000001,5464,151348,4.801587301587302
872,925.8625000000001,5469,151705,4.801587301587302
873,925.8625000000001,5475,152062,4.801587301587302
874,925.8625000000001,5481,152419,4.801587301587302
875,925.8625000000001,5486,152776,4.801587301587302
876,925.8625000000001,5492,153133,4.801587301587302
877,925.8625000000001,5498,153490,4.801587301587302
878,925.8625000000001,5504,153847,4.801587301587302
879,925.8625000000001,5509,154204,4.801587301587302
880,925.8625000000001,5515,154561,4.801587301587302
881,925.8625000000001,5521,154918,4.801587301587302
882,925.8625000000001,5526,155275,4.801587301587302
883,925.8625000000001,5532,155632,4.801587301587302
884,925.8625000000001,5537,155989,4.801587301587302
885,925.8625000000001,5543,156346,4.801587301587302
886,925.8625000000001,5550,156703,4.801587301587302
887,925.8625000000001,5556,157060,4.801587301587302
888,925.8625000000001,5561,157417,4.801587301587302
889,925.8625000000001,5567,157774,4.801587301587302
890,925.8625000000001,5573,158131,4.801587301587302
891,925.8625000000001,5579,158488,4.801587301587302
892,925.8625000000001,5584,158845,4.801587301587302
893,925.8625000000001,5590,159202,4.801587301587302
894,925.8625000000001,5596,159559,4.801587301587302
895,925.8625000000001,5602,159916,4.801587301587302
896,925.8625000000001,5609,160273,4.801587301587302
897,925.8625000000001,5615,160630,4.801587301587302
898,925.8625000000001,5620,160987,4.801587301587302
899,925.8625000000001,5626,161344,4.801587301587302
900,925.8625000000001,5633,161701,4.801587301587302
901,925.8625000000001,5639,162079,4.801587301587302
902,925.8625000000001,5646,162457,4.801587301587302
903,925.8625000000001,5652,162835,4.801587301587302
904,925.8625000000001,5658,163213,4.801587301587302
905,925.8625000000001,5664,163591,4.801587301587302
906,925.8625000000001,5670,163969,4.801587301587302
907,925.8625000000001,5677,164347,4.801587301587302
908,925.8625000000001,5684,164725,4.801587301587302
909,925.8625000000001,5690,165103,4.801587301587302
910,925.8625000000001,5696,165481,4.801587301587302
911,925.8625000000001,5702,165859,4.801587301587302
912,925.8625000000001,5708,166237,4.801587301587302
913,925.8625000000001,5714,166615,4.801587301587302
914,925.8625000000001,5721,166993,4.801587301587302
915,925.8625000000001,5727,167371,4.801587301587302
916,925.8625000000001,5733,167749,4.801587301587302
917,925.8625000000001,5739,168127,4.801587301587302
918,925.8625000000001,5745,168505,4.801587301587302
919,925.8625000000001,5751,168883,4.801587301587302
920,925.8625000000001,5757,169261,4.801587301587302
921,925.8625000000001,5764,169639,4.801587301587302
922,925.8625000000001,5770,170017,4.801587301587302
923,925.8625000000001,5776,170395,4.801587301587302
924,925.8625000000001,5782,170773,4.801587301587302
925,925.8625000000001,5789,171151,4.801587301587302
926,925.8625000000001,5795,171529,4.801587301587302
927,925.8625000000001,5801,171907,4.801587301587302
928,925.8625000000001,5808,172285,4.801587301587302
929,925.8625000000001,5814,172663,4.801587301587302
930,925.8625000000001,5820,173041,4.801587301587302
931,925.8625000000001,5826,173419,4.801587301587302
932,925.8625000000001,5832,173797,4.801587301587302
933,925.8625000000001,5838,174175,4.801587301587302
934,925.8625000000001,5844,174553,4.801587301587302
935,925.8625000000001,5851,174931,4.801587301587302
936,925.8625000000001,5857,175309,4.801587301587302
937,925.8625000000001,5864,175687,4.801587301587302
938,925.8625000000001,5870,176065,4.801587301587302
939,925.8625000000001,5876,176443,4.801587301587302
940,925.8625000000001,5882,176821,4.801587301587302
941,925.8625000000001,5888,177199,4.801587301587302
942,925.8625000000001,5894,177577,4.801587301587302
943,925.8625000000001,5901,177955,4.801587301587302
944,925.8625000000001,5906,178333,4.801587301587302
945,925.8625000000001,5914,178711,4.801587301587302
946,925.8625000000001,5920,179089,4.801587301587302
947,925.8625000000001,5926,179467,4.801587301587302
948,925.8625000000001,5932,179845,4.801587301587302
949,925.8625000000001,5938,180223,4.801587301587302
950,925.8625000000001,5944,180601,4.801587301587302
951,925.8625000000001,5951,181000,4.801587301587302
952,925.8625000000001,5957,181399,4.801587301587302
953,925.8625000000001,5964,181798,4.801587301587302
954,925.8625000000001,5970,182197,4.801587301587302
955,925.8625000000001,5975,182596,4.801587301587302
956,925.8625000000001,5981,182995,4.801587301587302
957,925.8625000000001,5987,183394,4.801587301587302
958,925.8625000000001,5993,183793,4.801587301587302
959,925.8625000000001,5999,184192,4.801587301587302
960,925.8625000000001,6005,184591,4.801587301587302
961,925.8625000000001,6011,184990,4.801587301587302
962,925.8625000000001,6017,185389,4.801587301587302
963,925.8625000000001,6023,185788,4.801587301587302
964,925.8625000000001,6029,186187,4.801587301587302
965,925.8625000000001,6034,186586,4.801587301587302
966,925.8625000000001,6040,186985,4.801587301587302
967,925.8625000000001,6046,187384,4.801587301587302
968,925.8625000000001,6053,187783,4.801587301587302
969,925.8625000000001,6059,188182,4.801587301587302
970,925.8625000000001,6064,188581,4.801587301587302
971,925.8625000000001,6070,188980,4.801587301587302
972,925.8625000000001,6076,189379,4.801587301587302
973,925.8625000000001,6082,189778,4.801587301587302
974,925.8625000000001,6088,190177,4.801587301587302
975,925.8625000000001,6094,190576,4.801587301587302
976,925.8625000000001,6100,190975,4.801587301587302
977,925.8625000000001,6106,191374,4.801587301587302
978,925.8625000000001,6112,191773,4.801587301587302
979,925.8625000000001,6118,192172,4.801587301587302
980,925.8625000000001,6124,192571,4.801587301587302
981,925.8625000000001,6130,192970,4.801587301587302
982,925.8625000000001,6136,193369,4.801587301587302
983,925.8625000000001,6142,193768,4.801587301587302
984,925.8625000000001,6148,194167,4.801587301587302
985,925.8625000000001,6154,194566,4.801587301587302
986,925.8625000000001,6159,194965,4.801587301587302
987,925.8625000000001,6165,195364,4.801587301587302
988,925.8625000000001,6171,195763,4.801587301587302
989,925.8625000000001,6178,196162,4.801587301587302
990,925.8625000000001,6185,196561,4.801587301587302
991,925.8625000000001,6192,196960,4.801587301587302
992,925.8625000000001,6199,197359,4.801587301587302
993,925.8625000000001,6205,197758,4.801587301587302
994,925.8625000000001,6211,198157,4.801587301587302
995,925.8625000000001,6217,198556,4.801587301587302
996,925.8625000000001,6224,198955,4.801587301587302
997,925.8625000000001,6230,199354,4.801587301587302
998,925.8625000000001,6236,199753,4.801587301587302
999,925.8625000000001,6242,200152,4.801587301587302
1000,925.8625000000001,6248,200551,4.801587301587302
