1,2221.39,36,900514,4.557885141294439
2,2216.84,73,900525,2.2789425706472195
3,2216.84,112,900536,2.2789425706472195
4,2216.84,151,900547,2.2789425706472195
5,2204.57,188,900558,11.121239744758432
6,2195.13,226,900569,13.673655423883318
7,2162.75,263,900580,7.019143117593436
8,2162.75,300,900591,7.019143117593436
9,2162.75,338,900602,7.019143117593436
10,2153.27,376,900613,4.466727438468551
11,2153.27,414,900624,4.466727438468551
12,2153.27,451,900635,4.466727438468551
13,2144.98,496,900646,6.927985414767549
14,2144.98,536,900657,6.927985414767549
15,2144.98,577,900668,6.927985414767549
16,2135.66,617,900679,7.566089334548769
17,2135.66,658,900690,7.566089334548769
18,2135.66,696,900701,7.566089334548769
19,2135.66,735,900712,7.566089334548769
20,2135.66,773,900723,7.566089334548769
21,2135.66,810,900734,7.566089334548769
22,2103.62,849,900745,8.751139471285324
23,2103.62,890,900756,8.751139471285324
24,2103.62,931,900767,8.751139471285324
25,2103.62,973,900778,8.751139471285324
26,2103.62,1015,900789,8.751139471285324
27,2103.62,1056,900800,8.751139471285324
28,2103.62,1097,900811,8.751139471285324
29,2103.62,1137,900822,8.751139471285324
30,2103.62,1178,900833,8.751139471285324
31,2103.62,1215,900844,8.751139471285324
32,2085.94,1254,900855,7.110300820419326
33,2041.13,1293,900866,6.654512306289881
34,2041.13,1333,900877,6.654512306289881
35,2041.13,1374,900888,6.654512306289881
36,2041.13,1417,900899,6.654512306289881
37,2041.13,1457,900910,6.654512306289881
38,2041.13,1500,900921,6.654512306289881
39,2041.13,1538,900932,6.654512306289881
40,2041.13,1579,900943,6.654512306289881
41,2041.13,1619,900954,6.654512306289881
42,2041.13,1657,900965,6.654512306289881
43,2041.13,1695,900976,6.654512306289881
44,2041.13,1733,900987,6.654512306289881
45,2041.13,1772,900998,6.654512306289881
46,2041.13,1812,901009,6.654512306289881
47,2041.13,1850,901020,6.654512306289881
48,2041.13,1887,901031,6.654512306289881
49,2041.13,1934,901042,6.654512306289881
50,2041.13,1977,901053,6.654512306289881
51,2041.13,2016,901064,6.654512306289881
52,2041.13,2055,901075,6.654512306289881
53,2005.56,2095,901086,3.646308113035551
54,2005.56,2134,901097,3.646308113035551
55,2005.56,2173,901108,3.646308113035551
56,2005.56,2217,901119,3.646308113035551
57,2005.56,2255,901130,3.646308113035551
58,2005.56,2295,901141,3.646308113035551
59,2005.56,2334,901152,3.646308113035551
60,2005.56,2372,901163,3.646308113035551
61,2005.56,2412,901174,3.646308113035551
62,2005.56,2450,901185,3.646308113035551
63,1994.8,2494,901196,4.740200546946217
64,1994.8,2533,901207,4.740200546946217
65,1994.8,2574,901218,4.740200546946217
66,1994.8,2614,901229,4.740200546946217
67,1994.8,2653,901240,4.740200546946217
68,1994.8,2690,901251,4.740200546946217
69,1994.8,2726,901262,4.740200546946217
70,1994.8,2764,901273,4.740200546946217
71,1994.8,2803,901284,4.740200546946217
72,1994.8,2844,901295,4.740200546946217
73,1994.8,2883,901306,4.740200546946217
74,1994.8,2924,901317,4.740200546946217
75,1994.8,2964,901328,4.740200546946217
76,1994.8,3007,901339,4.740200546946217
77,1994.8,3048,901350,4.740200546946217
78,1994.8,3089,901361,4.740200546946217
79,1994.8,3129,901372,4.740200546946217
80,1994.8,3169,901383,4.740200546946217
81,1994.8,3208,901394,4.740200546946217
82,1994.8,3247,901405,4.740200546946217
83,1994.8,3288,901416,4.740200546946217
84,1994.8,3330,901427,4.740200546946217
85,1994.8,3369,901438,4.740200546946217
86,1994.8,3407,901449,4.740200546946217
87,1994.8,3444,901460,4.740200546946217
88,1994.8,3488,901471,4.740200546946217
89,1994.8,3527,901482,4.740200546946217
90,1994.8,3565,901493,4.740200546946217
91,1994.8,3608,901504,4.740200546946217
92,1994.8,3646,901515,4.740200546946217
93,1994.8,3686,901526,4.740200546946217
94,1994.8,3724,901537,4.740200546946217
95,1994.8,3763,901548,4.740200546946217
96,1994.8,3801,901559,4.740200546946217
97,1994.8,3841,901570,4.740200546946217
98,1994.8,3882,901581,4.740200546946217
99,1994.8,3921,901592,4.740200546946217
100,1994.8,3962,901603,4.740200546946217
101,1994.8,4004,901614,4.740200546946217
102,1994.8,4043,901625,4.740200546946217
103,1994.8,4083,901636,4.740200546946217
104,1994.8,4123,901647,4.740200546946217
105,1994.8,4162,901658,4.740200546946217
106,1994.8,4200,901669,4.740200546946217
107,1994.8,4238,901680,4.740200546946217
108,1994.8,4277,901691,4.740200546946217
109,1994.8,4316,901702,4.740200546946217
110,1994.8,4354,901713,4.740200546946217
111,1994.8,4392,901724,4.740200546946217
112,1994.8,4430,901735,4.740200546946217
113,1994.8,4470,901746,4.740200546946217
114,1994.8,4512,901757,4.740200546946217
115,1994.8,4551,901768,4.740200546946217
116,1994.8,4592,901779,4.740200546946217
117,1994.8,4633,901790,4.740200546946217
118,1994.8,4673,901801,4.740200546946217
119,1994.8,4714,901812,4.740200546946217
120,1994.8,4753,901823,4.740200546946217
121,1994.8,4791,901834,4.740200546946217
122,1994.8,4831,901845,4.740200546946217
123,1994.8,4869,901856,4.740200546946217
124,1994.8,4910,901867,4.740200546946217
125,1994.8,4949,901878,4.740200546946217
126,1994.8,4993,901889,4.740200546946217
127,1994.8,5032,901900,4.740200546946217
128,1994.8,5070,901911,4.740200546946217
129,1994.8,5111,901922,4.740200546946217
130,1994.8,5153,901933,4.740200546946217
131,1994.8,5194,901944,4.740200546946217
132,1994.8,5234,901955,4.740200546946217
133,1994.8,5273,901966,4.740200546946217
134,1994.8,5313,901977,4.740200546946217
135,1994.8,5351,901988,4.740200546946217
136,1994.8,5390,901999,4.740200546946217
137,1994.8,5429,902010,4.740200546946217
138,1994.8,5470,902021,4.740200546946217
139,1994.8,5514,902032,4.740200546946217
140,1994.8,5552,902043,4.740200546946217
141,1994.8,5592,902054,4.740200546946217
142,1994.8,5632,902065,4.740200546946217
143,1994.8,5670,902076,4.740200546946217
144,1994.8,5708,902087,4.740200546946217
145,1994.8,5745,902098,4.740200546946217
146,1994.8,5785,902109,4.740200546946217
147,1994.8,5823,902120,4.740200546946217
148,1994.8,5861,902131,4.740200546946217
149,1994.8,5899,902142,4.740200546946217
150,1994.8,5937,902153,4.740200546946217
151,1994.8,5980,902164,4.740200546946217
152,1994.8,6020,902175,4.740200546946217
153,1994.8,6065,902186,4.740200546946217
154,1994.8,6105,902197,4.740200546946217
155,1994.8,6145,902208,4.740200546946217
156,1994.8,6185,902219,4.740200546946217
157,1994.8,6224,902230,4.740200546946217
158,1994.8,6263,902241,4.740200546946217
159,1994.8,6301,902252,4.740200546946217
160,1994.8,6340,902263,4.740200546946217
161,1994.8,6378,902274,4.740200546946217
162,1994.8,6416,902285,4.740200546946217
163,1994.8,6453,902296,4.740200546946217
164,1994.8,6496,902307,4.740200546946217
165,1994.8,6535,902318,4.740200546946217
166,1994.8,6576,902329,4.740200546946217
167,1994.8,6616,902340,4.740200546946217
168,1994.8,6655,902351,4.740200546946217
169,1994.8,6693,902362,4.740200546946217
170,1994.8,6730,902373,4.740200546946217
171,1994.8,6768,902384,4.740200546946217
172,1994.8,6806,902395,4.740200546946217
173,1994.8,6848,902406,4.740200546946217
174,1994.8,6889,902417,4.740200546946217
175,1994.8,6928,902428,4.740200546946217
176,1994.8,6968,902439,4.740200546946217
177,1994.8,7010,902450,4.740200546946217
178,1994.8,7049,902461,4.740200546946217
179,1994.8,7090,902472,4.740200546946217
180,1994.8,7131,902483,4.740200546946217
181,1994.8,7170,902494,4.740200546946217
182,1994.8,7209,902505,4.740200546946217
183,1994.8,7248,902516,4.740200546946217
184,1994.8,7287,902527,4.740200546946217
185,1994.8,7326,902538,4.740200546946217
186,1994.8,7365,902549,4.740200546946217
187,1994.8,7402,902560,4.740200546946217
188,1994.8,7440,902571,4.740200546946217
189,1994.8,7482,902582,4.740200546946217
190,1994.8,7523,902593,4.740200546946217
191,1994.8,7563,902604,4.740200546946217
192,1994.8,7603,902615,4.740200546946217
193,1994.8,7643,902626,4.740200546946217
194,1994.8,7683,902637,4.740200546946217
195,1994.8,7722,902648,4.740200546946217
196,1994.8,7762,902659,4.740200546946217
197,1994.8,7802,902670,4.740200546946217
198,1994.8,7842,902681,4.740200546946217
199,1994.8,7880,902692,4.740200546946217
200,1994.8,7919,902703,4.740200546946217
201,1994.8,7958,902714,4.740200546946217
202,1994.8,8001,902725,4.740200546946217
203,1994.8,8040,902736,4.740200546946217
204,1994.8,8078,902747,4.740200546946217
205,1994.8,8118,902758,4.740200546946217
206,1994.8,8159,902769,4.740200546946217
207,1994.8,8198,902780,4.740200546946217
208,1994.8,8235,902791,4.740200546946217
209,1994.8,8276,902802,4.740200546946217
210,1994.8,8317,902813,4.740200546946217
211,1994.8,8355,902824,4.740200546946217
212,1994.8,8393,902835,4.740200546946217
213,1994.8,8430,902846,4.740200546946217
214,1994.8,8470,902857,4.740200546946217
215,1994.8,8518,902868,4.740200546946217
216,1994.8,8560,902879,4.740200546946217
217,1994.8,8603,902890,4.740200546946217
218,1994.8,8644,902901,4.740200546946217
219,1994.8,8685,902912,4.740200546946217
220,1994.8,8727,902923,4.740200546946217
221,1994.8,8770,902934,4.740200546946217
222,1994.8,8810,902945,4.740200546946217
223,1994.8,8850,902956,4.740200546946217
224,1994.8,8890,902967,4.740200546946217
225,1994.8,8932,902978,4.740200546946217
226,1994.8,8974,902989,4.740200546946217
227,1994.8,9018,903000,4.740200546946217
228,1994.8,9056,903011,4.740200546946217
229,1994.8,9095,903022,4.740200546946217
230,1994.8,9135,903033,4.740200546946217
231,1994.8,9177,903044,4.740200546946217
232,1994.8,9218,903055,4.740200546946217
233,1994.8,9258,903066,4.740200546946217
234,1994.8,9298,903077,4.740200546946217
235,1994.8,9339,903088,4.740200546946217
236,1994.8,9382,903099,4.740200546946217
237,1994.8,9423,903110,4.740200546946217
238,1994.8,9464,903121,4.740200546946217
239,1994.8,9506,903132,4.740200546946217
240,1994.8,9546,903143,4.740200546946217
241,1994.8,9588,903154,4.740200546946217
242,1994.8,9628,903165,4.740200546946217
243,1993.29,9669,903176,4.740200546946217
244,1993.29,9709,903187,4.740200546946217
245,1993.17,9746,903198,2.734731084776664
246,1993.17,9786,903209,2.734731084776664
247,1993.17,9827,903220,2.734731084776664
248,1993.17,9867,903231,2.734731084776664
249,1993.17,9905,903242,2.734731084776664
250,1993.17,9943,903253,2.734731084776664
251,1993.17,9987,903264,2.734731084776664
252,1993.17,10026,903275,2.734731084776664
253,1993.17,10064,903286,2.734731084776664
254,1993.17,10103,903297,2.734731084776664
255,1993.17,10143,903308,2.734731084776664
256,1993.17,10186,903319,2.734731084776664
257,1993.17,10225,903330,2.734731084776664
258,1993.17,10264,903341,2.734731084776664
259,1993.17,10303,903352,2.734731084776664
260,1993.17,10344,903363,2.734731084776664
261,1993.17,10383,903374,2.734731084776664
262,1993.17,10421,903385,2.734731084776664
263,1993.17,10463,903396,2.734731084776664
264,1993.17,10503,903407,2.734731084776664
265,1993.17,10545,903418,2.734731084776664
266,1993.17,10587,903429,2.734731084776664
267,1993.17,10628,903440,2.734731084776664
268,1993.17,10670,903451,2.734731084776664
269,1993.17,10713,903462,2.734731084776664
270,1993.17,10753,903473,2.734731084776664
271,1993.17,10793,903484,2.734731084776664
272,1993.17,10831,903495,2.734731084776664
273,1993.17,10869,903506,2.734731084776664
274,1993.17,10908,903517,2.734731084776664
275,1993.17,10948,903528,2.734731084776664
276,1993.17,10992,903539,2.734731084776664
277,1993.17,11032,903550,2.734731084776664
278,1993.17,11074,903561,2.734731084776664
279,1993.17,11114,903572,2.734731084776664
280,1993.17,11154,903583,2.734731084776664
281,1993.17,11193,903594,2.734731084776664
282,1993.17,11233,903605,2.734731084776664
283,1993.17,11273,903616,2.734731084776664
284,1993.17,11313,903627,2.734731084776664
285,1993.17,11354,903638,2.734731084776664
286,1989.44,11393,903649,2.734731084776664
287,1989.44,11435,903660,2.734731084776664
288,1989.44,11473,903671,2.734731084776664
289,1989.44,11518,903682,2.734731084776664
290,1989.44,11557,903693,2.734731084776664
291,1989.44,11597,903704,2.734731084776664
292,1989.44,11636,903715,2.734731084776664
293,1989.44,11676,903726,2.734731084776664
294,1989.44,11714,903737,2.734731084776664
295,1989.44,11754,903748,2.734731084776664
296,1989.44,11794,903759,2.734731084776664
297,1989.44,11834,903770,2.734731084776664
298,1989.44,11873,903781,2.734731084776664
299,1989.44,11916,903792,2.734731084776664
300,1984.33,11956,903803,6.381039197812215
301,1984.33,11998,903814,6.381039197812215
302,1979.52,12039,903825,2.8258887876025525
303,1979.52,12080,903836,2.8258887876025525
304,1979.52,12121,903847,2.8258887876025525
305,1979.52,12162,903858,2.8258887876025525
306,1979.52,12201,903869,2.8258887876025525
307,1979.52,12242,903880,2.8258887876025525
308,1979.52,12282,903891,2.8258887876025525
309,1979.52,12322,903902,2.8258887876025525
310,1979.52,12366,903913,2.8258887876025525
311,1979.52,12408,903924,2.8258887876025525
312,1974.84,12450,903935,2.187784867821331
313,1974.84,12493,903946,2.187784867821331
314,1974.84,12533,903957,2.187784867821331
315,1974.84,12572,903968,2.187784867821331
316,1974.84,12613,903979,2.187784867821331
317,1974.84,12655,903990,2.187784867821331
318,1974.84,12696,904001,2.187784867821331
319,1974.84,12738,904012,2.187784867821331
320,1974.84,12779,904023,2.187784867821331
321,1974.84,12820,904034,2.187784867821331
322,1974.84,12863,904045,2.187784867821331
323,1974.84,12907,904056,2.187784867821331
324,1974.84,12947,904067,2.187784867821331
325,1974.84,12990,904078,2.187784867821331
326,1974.84,13032,904089,2.187784867821331
327,1974.84,13075,904100,2.187784867821331
328,1974.84,13116,904111,2.187784867821331
329,1974.84,13156,904122,2.187784867821331
330,1974.84,13198,904133,2.187784867821331
331,1974.84,13240,904144,2.187784867821331
332,1974.84,13281,904155,2.187784867821331
333,1974.84,13322,904166,2.187784867821331
334,1974.84,13363,904177,2.187784867821331
335,1974.84,13405,904188,2.187784867821331
336,1974.84,13447,904199,2.187784867821331
337,1974.84,13496,904210,2.187784867821331
338,1974.84,13539,904221,2.187784867821331
339,1974.84,13578,904232,2.187784867821331
340,1974.84,13618,904243,2.187784867821331
341,1974.84,13660,904254,2.187784867821331
342,1974.84,13699,904265,2.187784867821331
343,1974.84,13737,904276,2.187784867821331
344,1974.84,13778,904287,2.187784867821331
345,1974.84,13817,904298,2.187784867821331
346,1974.84,13860,904309,2.187784867821331
347,1974.84,13900,904320,2.187784867821331
348,1974.84,13943,904331,2.187784867821331
349,1974.84,13987,904342,2.187784867821331
350,1974.84,14030,904353,2.187784867821331
351,1974.84,14071,904364,2.187784867821331
352,1974.84,14120,904375,2.187784867821331
353,1974.84,14160,904386,2.187784867821331
354,1974.84,14198,904397,2.187784867821331
355,1974.84,14239,904408,2.187784867821331
356,1974.84,14277,904419,2.187784867821331
357,1974.84,14316,904430,2.187784867821331
358,1974.84,14356,904441,2.187784867821331
359,1974.84,14394,904452,2.187784867821331
360,1974.84,14435,904463,2.187784867821331
361,1974.84,14477,904474,2.187784867821331
362,1974.84,14522,904485,2.187784867821331
363,1974.84,14565,904496,2.187784867821331
364,1974.84,14605,904507,2.187784867821331
365,1974.84,14648,904518,2.187784867821331
366,1974.84,14689,904529,2.187784867821331
367,1974.84,14728,904540,2.187784867821331
368,1974.84,14769,904551,2.187784867821331
369,1974.84,14808,904562,2.187784867821331
370,1974.84,14847,904573,2.187784867821331
371,1974.84,14886,904584,2.187784867821331
372,1974.84,14925,904595,2.187784867821331
373,1974.84,14963,904606,2.187784867821331
374,1974.84,15008,904617,2.187784867821331
375,1974.84,15046,904628,2.187784867821331
376,1974.84,15085,904639,2.187784867821331
377,1974.84,15124,904650,2.187784867821331
378,1974.84,15162,904661,2.187784867821331
379,1974.84,15202,904672,2.187784867821331
380,1974.84,15241,904683,2.187784867821331
381,1974.84,15278,904694,2.187784867821331
382,1974.84,15316,904705,2.187784867821331
383,1974.84,15354,904716,2.187784867821331
384,1974.84,15393,904727,2.187784867821331
385,1974.84,15432,904738,2.187784867821331
386,1974.84,15471,904749,2.187784867821331
387,1974.84,15519,904760,2.187784867821331
388,1974.84,15558,904771,2.187784867821331
389,1974.84,15597,904782,2.187784867821331
390,1974.84,15637,904793,2.187784867821331
391,1974.84,15682,904804,2.187784867821331
392,1974.84,15721,904815,2.187784867821331
393,1974.84,15759,904826,2.187784867821331
394,1974.84,15797,904837,2.187784867821331
395,1974.84,15837,904848,2.187784867821331
396,1974.84,15875,904859,2.187784867821331
397,1974.84,15912,904870,2.187784867821331
398,1974.84,15952,904881,2.187784867821331
399,1974.84,15994,904892,2.187784867821331
400,1974.84,16034,904903,2.187784867821331
401,1974.84,16073,904914,2.187784867821331
402,1974.84,16114,904925,2.187784867821331
403,1974.84,16153,904936,2.187784867821331
404,1961.14,16193,904947,4.557885141294439
405,1961.14,16233,904958,4.557885141294439
406,1961.14,16272,904969,4.557885141294439
407,1961.14,16312,904980,4.557885141294439
408,1950.38,16351,904991,4.649042844120328
409,1950.38,16391,905002,4.649042844120328
410,1950.38,16429,905013,4.649042844120328
411,1950.38,16467,905024,4.649042844120328
412,1950.38,16511,905035,4.649042844120328
413,1950.38,16549,905046,4.649042844120328
414,1950.38,16588,905057,4.649042844120328
415,1950.38,16627,905068,4.649042844120328
416,1950.38,16671,905079,4.649042844120328
417,1950.38,16711,905090,4.649042844120328
418,1950.38,16749,905101,4.649042844120328
419,1950.38,16787,905112,4.649042844120328
420,1950.38,16826,905123,4.649042844120328
421,1950.38,16864,905134,4.649042844120328
422,1950.38,16901,905145,4.649042844120328
423,1950.38,16939,905156,4.649042844120328
424,1950.38,16979,905167,4.649042844120328
425,1950.38,17021,905178,4.649042844120328
426,1950.38,17059,905189,4.649042844120328
427,1950.38,17098,905200,4.649042844120328
428,1950.38,17137,905211,4.649042844120328
429,1950.38,17177,905222,4.649042844120328
430,1950.38,17216,905233,4.649042844120328
431,1950.38,17258,905244,4.649042844120328
432,1950.38,17298,905255,4.649042844120328
433,1950.38,17336,905266,4.649042844120328
434,1950.38,17379,905277,4.649042844120328
435,1950.38,17418,905288,4.649042844120328
436,1950.38,17459,905299,4.649042844120328
437,1950.38,17501,905310,4.649042844120328
438,1950.38,17541,905321,4.649042844120328
439,1950.38,17578,905332,4.649042844120328
440,1950.38,17618,905343,4.649042844120328
441,1950.38,17657,905354,4.649042844120328
442,1950.38,17697,905365,4.649042844120328
443,1950.38,17735,905376,4.649042844120328
444,1950.38,17772,905387,4.649042844120328
445,1950.38,17810,905398,4.649042844120328
446,1950.38,17847,905409,4.649042844120328
447,1950.38,17886,905420,4.649042844120328
448,1950.38,17924,905431,4.649042844120328
449,1950.38,17961,905442,4.649042844120328
450,1950.38,18003,905453,4.649042844120328
451,1950.38,18042,905464,4.649042844120328
452,1950.38,18079,905475,4.649042844120328
453,1950.38,18119,905486,4.649042844120328
454,1950.38,18158,905497,4.649042844120328
455,1950.38,18198,905508,4.649042844120328
456,1950.38,18237,905519,4.649042844120328
457,1950.38,18277,905530,4.649042844120328
458,1950.38,18317,905541,4.649042844120328
459,1950.38,18355,905552,4.649042844120328
460,1950.38,18393,905563,4.649042844120328
461,1950.38,18433,905574,4.649042844120328
462,1950.38,18471,905585,4.649042844120328
463,1950.38,18516,905596,4.649042844120328
464,1950.38,18554,905607,4.649042844120328
465,1950.38,18593,905618,4.649042844120328
466,1950.38,18633,905629,4.649042844120328
467,1950.38,18670,905640,4.649042844120328
468,1950.38,18712,905651,4.649042844120328
469,1950.38,18750,905662,4.649042844120328
470,1950.38,18788,905673,4.649042844120328
471,1950.38,18826,905684,4.649042844120328
472,1950.38,18862,905695,4.649042844120328
473,1950.38,18902,905706,4.649042844120328
474,1950.38,18940,905717,4.649042844120328
475,1950.38,18977,905728,4.649042844120328
476,1950.38,19021,905739,4.649042844120328
477,1950.38,19059,905750,4.649042844120328
478,1950.38,19099,905761,4.649042844120328
479,1950.38,19138,905772,4.649042844120328
480,1950.38,19178,905783,4.649042844120328
481,1950.38,19218,905794,4.649042844120328
482,1950.38,19259,905805,4.649042844120328
483,1950.38,19298,905816,4.649042844120328
484,1950.38,19336,905827,4.649042844120328
485,1950.38,19374,905838,4.649042844120328
486,1950.38,19414,905849,4.649042844120328
487,1950.38,19451,905860,4.649042844120328
488,1950.38,19493,905871,4.649042844120328
489,1950.38,19534,905882,4.649042844120328
490,1950.38,19574,905893,4.649042844120328
491,1950.38,19612,905904,4.649042844120328
492,1950.38,19653,905915,4.649042844120328
493,1950.38,19692,905926,4.649042844120328
494,1950.38,19731,905937,4.649042844120328
495,1950.38,19769,905948,4.649042844120328
496,1950.38,19807,905959,4.649042844120328
497,1950.38,19846,905970,4.649042844120328
498,1950.38,19885,905981,4.649042844120328
499,1950.38,19923,905992,4.649042844120328
500,1950.38,19959,906003,4.649042844120328
501,1950.38,20000,906014,4.649042844120328
502,1950.38,20041,906025,4.649042844120328
503,1950.38,20083,906036,4.649042844120328
504,1950.38,20121,906047,4.649042844120328
505,1950.38,20161,906058,4.649042844120328
506,1950.38,20204,906069,4.649042844120328
507,1950.38,20243,906080,4.649042844120328
508,1950.38,20281,906091,4.649042844120328
509,1950.38,20318,906102,4.649042844120328
510,1950.38,20359,906113,4.649042844120328
511,1950.38,20398,906124,4.649042844120328
512,1950.38,20436,906135,4.649042844120328
513,1950.38,20474,906146,4.649042844120328
514,1950.38,20517,906157,4.649042844120328
515,1950.38,20556,906168,4.649042844120328
516,1950.38,20593,906179,4.649042844120328
517,1950.38,20631,906190,4.649042844120328
518,1950.38,20669,906201,4.649042844120328
519,1950.38,20711,906212,4.649042844120328
520,1933.15,20749,906223,3.2816773017319965
521,1933.15,20786,906234,3.2816773017319965
522,1933.15,20824,906245,3.2816773017319965
523,1933.15,20863,906256,3.2816773017319965
524,1933.15,20901,906267,3.2816773017319965
525,1933.15,20939,906278,3.2816773017319965
526,1933.15,20976,906289,3.2816773017319965
527,1933.15,21022,906300,3.2816773017319965
528,1933.15,21061,906311,3.2816773017319965
529,1933.15,21099,906322,3.2816773017319965
530,1933.15,21138,906333,3.2816773017319965
531,1933.15,21181,906344,3.2816773017319965
532,1933.15,21220,906355,3.2816773017319965
533,1933.15,21258,906366,3.2816773017319965
534,1933.15,21296,906377,3.2816773017319965
535,1933.15,21335,906388,3.2816773017319965
536,1933.15,21378,906399,3.2816773017319965
537,1933.15,21416,906410,3.2816773017319965
538,1933.15,21453,906421,3.2816773017319965
539,1933.15,21495,906432,3.2816773017319965
540,1933.15,21536,906443,3.2816773017319965
541,1933.15,21573,906454,3.2816773017319965
542,1933.15,21609,906465,3.2816773017319965
543,1933.15,21650,906476,3.2816773017319965
544,1933.15,21687,906487,3.2816773017319965
545,1933.15,21727,906498,3.2816773017319965
546,1933.15,21764,906509,3.2816773017319965
547,1933.15,21803,906520,3.2816773017319965
548,1933.15,21841,906531,3.2816773017319965
549,1933.15,21878,906542,3.2816773017319965
550,1933.15,21915,906553,3.2816773017319965
551,1933.15,21955,906564,3.2816773017319965
552,1933.15,21997,906575,3.2816773017319965
553,1933.15,22038,906586,3.2816773017319965
554,1933.15,22078,906597,3.2816773017319965
555,1933.15,22119,906608,3.2816773017319965
556,1933.15,22159,906619,3.2816773017319965
557,1933.15,22197,906630,3.2816773017319965
558,1933.15,22239,906641,3.2816773017319965
559,1933.15,22277,906652,3.2816773017319965
560,1933.15,22315,906663,3.2816773017319965
561,1933.15,22353,906674,3.2816773017319965
562,1933.15,22394,906685,3.2816773017319965
563,1933.15,22432,906696,3.2816773017319965
564,1933.15,22471,906707,3.2816773017319965
565,1933.15,22513,906718,3.2816773017319965
566,1933.15,22557,906729,3.2816773017319965
567,1933.15,22595,906740,3.2816773017319965
568,1933.15,22632,906751,3.2816773017319965
569,1933.15,22678,906762,3.2816773017319965
570,1933.15,22716,906773,3.2816773017319965
571,1933.15,22754,906784,3.2816773017319965
572,1933.15,22792,906795,3.2816773017319965
573,1933.15,22830,906806,3.2816773017319965
574,1933.15,22868,906817,3.2816773017319965
575,1933.15,22907,906828,3.2816773017319965
576,1933.15,22946,906839,3.2816773017319965
577,1933.15,22983,906850,3.2816773017319965
578,1933.15,23027,906861,3.2816773017319965
579,1933.15,23066,906872,3.2816773017319965
580,1933.15,23107,906883,3.2816773017319965
581,1933.15,23147,906894,3.2816773017319965
582,1933.15,23186,906905,3.2816773017319965
583,1933.15,23226,906916,3.2816773017319965
584,1933.15,23268,906927,3.2816773017319965
585,1933.15,23310,906938,3.2816773017319965
586,1933.15,23348,906949,3.2816773017319965
587,1933.15,23387,906960,3.2816773017319965
588,1933.15,23426,906971,3.2816773017319965
589,1933.15,23466,906982,3.2816773017319965
590,1933.15,23508,906993,3.2816773017319965
591,1933.15,23547,907004,3.2816773017319965
592,1933.15,23584,907015,3.2816773017319965
593,1933.15,23627,907026,3.2816773017319965
594,1933.15,23669,907037,3.2816773017319965
595,1933.15,23710,907048,3.2816773017319965
596,1933.15,23749,907059,3.2816773017319965
597,1933.15,23787,907070,3.2816773017319965
598,1933.15,23825,907081,3.2816773017319965
599,1933.15,23866,907092,3.2816773017319965
600,1933.15,23905,907103,3.2816773017319965
1,2151.71,14,908074,3.919781221513218
2,2097.22,28,908744,2.8258887876025525
3,2097.22,42,909413,2.8258887876025525
4,2097.22,56,910080,2.8258887876025525
5,2097.22,70,910746,2.8258887876025525
6,2097.22,86,911412,2.8258887876025525
7,2097.22,102,912078,2.8258887876025525
8,2097.22,116,912747,2.8258887876025525
9,2097.22,130,913416,2.8258887876025525
10,2097.22,146,914083,2.8258887876025525
11,2097.22,163,914749,2.8258887876025525
12,2097.22,178,915416,2.8258887876025525
13,2097.22,191,916084,2.8258887876025525
14,2097.22,206,916752,2.8258887876025525
15,2097.22,221,917419,2.8258887876025525
16,2097.22,236,918086,2.8258887876025525
17,2097.22,250,918751,2.8258887876025525
18,2097.22,264,919420,2.8258887876025525
19,2097.22,278,920090,2.8258887876025525
20,2097.22,292,920759,2.8258887876025525
21,2097.22,306,921426,2.8258887876025525
22,2097.22,321,922093,2.8258887876025525
23,2097.22,335,922761,2.8258887876025525
24,2097.22,349,923429,2.8258887876025525
25,2097.22,363,924097,2.8258887876025525
26,2097.22,377,924766,2.8258887876025525
27,2097.22,390,925435,2.8258887876025525
28,2090.28,404,926104,4.831358249772106
29,2090.28,418,926774,4.831358249772106
30,2090.28,435,927742,4.831358249772106
31,2090.28,449,928407,4.831358249772106
32,2060.61,464,929072,3.646308113035551
33,2060.61,478,929736,3.646308113035551
34,2060.61,492,930400,3.646308113035551
35,2060.61,505,931062,3.646308113035551
36,2060.61,519,931726,3.646308113035551
37,2060.61,533,932390,3.646308113035551
38,2060.61,547,933054,3.646308113035551
39,2060.61,560,933720,3.646308113035551
40,2060.61,575,934387,3.646308113035551
41,2060.61,590,935053,3.646308113035551
42,2060.61,606,935716,3.646308113035551
43,2060.61,621,936383,3.646308113035551
44,2060.61,635,937050,3.646308113035551
45,2060.61,649,937718,3.646308113035551
46,2060.61,662,938387,3.646308113035551
47,2060.61,678,939050,3.646308113035551
48,2060.61,693,939713,3.646308113035551
49,2060.61,707,940376,3.646308113035551
50,2060.61,721,941040,3.646308113035551
51,2060.61,736,941704,3.646308113035551
52,2060.61,750,942367,3.646308113035551
53,2060.61,764,943030,3.646308113035551
54,2060.61,779,943691,3.646308113035551
55,2060.61,793,944355,3.646308113035551
56,2060.61,809,945019,3.646308113035551
57,2060.61,824,945682,3.646308113035551
58,2060.61,838,946346,3.646308113035551
59,2060.61,851,947010,3.646308113035551
60,2060.61,869,947990,3.646308113035551
61,2060.61,883,948668,3.646308113035551
62,2060.61,897,949344,3.646308113035551
63,2060.61,912,950021,3.646308113035551
64,2060.61,927,950696,3.646308113035551
65,2060.61,941,951369,3.646308113035551
66,2060.61,957,952042,3.646308113035551
67,2060.61,972,952717,3.646308113035551
68,2060.61,987,953390,3.646308113035551
69,2060.61,1001,954060,3.646308113035551
70,2060.61,1016,954728,3.646308113035551
71,2060.61,1032,955397,3.646308113035551
72,2060.61,1047,956065,3.646308113035551
73,2060.61,1061,956734,3.646308113035551
74,2060.61,1076,957405,3.646308113035551
75,2060.61,1092,958075,3.646308113035551
76,2060.61,1106,958745,3.646308113035551
77,2060.61,1121,959418,3.646308113035551
78,2060.61,1136,960091,3.646308113035551
79,2060.61,1152,960763,3.646308113035551
80,2060.61,1167,961433,3.646308113035551
81,2060.61,1181,962104,3.646308113035551
82,2060.61,1196,962777,3.646308113035551
83,2060.61,1211,963449,3.646308113035551
84,2060.61,1225,964122,3.646308113035551
85,2060.61,1240,964793,3.646308113035551
86,2060.61,1255,965464,3.646308113035551
87,2060.61,1269,966137,3.646308113035551
88,2060.61,1283,966810,3.646308113035551
89,2060.61,1296,967484,3.646308113035551
90,2060.61,1314,968446,3.646308113035551
91,2060.61,1329,969108,3.646308113035551
92,2060.61,1342,969770,3.646308113035551
93,2060.61,1357,970430,3.646308113035551
94,2060.61,1371,971092,3.646308113035551
95,2060.61,1384,971757,3.646308113035551
96,2060.61,1398,972422,3.646308113035551
97,2060.61,1411,973087,3.646308113035551
98,2060.61,1425,973750,3.646308113035551
99,2060.61,1438,974415,3.646308113035551
100,2060.61,1452,975075,3.646308113035551
101,2060.61,1466,975734,3.646308113035551
102,2060.61,1480,976392,3.646308113035551
103,2060.61,1494,977050,3.646308113035551
104,2060.61,1507,977708,3.646308113035551
105,2060.61,1521,978362,3.646308113035551
106,2060.61,1535,979018,3.646308113035551
107,2060.61,1548,979673,3.646308113035551
108,2060.61,1562,980328,3.646308113035551
109,2060.61,1576,980983,3.646308113035551
110,2060.61,1591,981643,3.646308113035551
111,2060.61,1608,982304,3.646308113035551
112,2060.61,1623,982965,3.646308113035551
113,2060.61,1637,983629,3.646308113035551
114,2060.61,1651,984293,3.646308113035551
115,2060.61,1665,984958,3.646308113035551
116,2060.61,1679,985623,3.646308113035551
117,2060.61,1693,986288,3.646308113035551
118,2060.61,1707,986954,3.646308113035551
119,2060.61,1721,987619,3.646308113035551
120,2060.61,1740,988579,3.646308113035551
121,2060.61,1755,989240,3.646308113035551
122,2060.61,1770,989901,3.646308113035551
123,2060.61,1785,990563,3.646308113035551
124,2060.61,1799,991223,3.646308113035551
125,2060.61,1814,991884,3.646308113035551
126,2060.61,1828,992545,3.646308113035551
127,2060.61,1842,993206,3.646308113035551
128,2060.61,1856,993868,3.646308113035551
129,2060.61,1871,994532,3.646308113035551
130,2060.61,1885,995195,3.646308113035551
131,2060.61,1898,995856,3.646308113035551
132,2060.61,1912,996518,3.646308113035551
133,2060.61,1926,997180,3.646308113035551
134,2060.61,1939,997841,3.646308113035551
135,2060.61,1953,998501,3.646308113035551
136,2060.61,1969,999165,3.646308113035551
137,2060.61,1983,999829,3.646308113035551
138,2060.61,1997,1000494,3.646308113035551
139,2060.61,2011,1001159,3.646308113035551
140,2060.61,2024,1001824,3.646308113035551
141,2060.61,2038,1002489,3.646308113035551
142,2060.61,2052,1003155,3.646308113035551
143,2060.61,2067,1003822,3.646308113035551
144,2060.61,2080,1004489,3.646308113035551
145,2060.61,2096,1005155,3.646308113035551
146,2060.61,2112,1005820,3.646308113035551
147,2060.61,2127,1006484,3.646308113035551
148,2060.61,2140,1007149,3.646308113035551
149,2060.61,2155,1007816,3.646308113035551
150,2053.31,2173,1008779,4.102096627164995
151,2053.31,2187,1009444,4.102096627164995
152,2053.31,2200,1010107,4.102096627164995
153,2053.31,2214,1010768,4.102096627164995
154,2053.31,2227,1011428,4.102096627164995
155,2051.76,2241,1012088,3.646308113035551
156,2051.76,2257,1012750,3.646308113035551
157,2032.01,2271,1013414,3.1905195989061075
158,2032.01,2284,1014078,3.1905195989061075
159,2032.01,2298,1014741,3.1905195989061075
160,2032.01,2311,1015404,3.1905195989061075
161,2032.01,2326,1016067,3.1905195989061075
162,2032.01,2340,1016729,3.1905195989061075
163,2032.01,2355,1017390,3.1905195989061075
164,2032.01,2368,1018052,3.1905195989061075
165,2032.01,2382,1018718,3.1905195989061075
166,2032.01,2395,1019382,3.1905195989061075
167,2032.01,2409,1020046,3.1905195989061075
168,2032.01,2423,1020714,3.1905195989061075
169,2032.01,2438,1021383,3.1905195989061075
170,2032.01,2451,1022053,3.1905195989061075
171,2032.01,2465,1022722,3.1905195989061075
172,2032.01,2479,1023391,3.1905195989061075
173,2032.01,2493,1024059,3.1905195989061075
174,2032.01,2506,1024726,3.1905195989061075
175,2032.01,2520,1025393,3.1905195989061075
176,2032.01,2535,1026059,3.1905195989061075
177,2032.01,2549,1026727,3.1905195989061075
178,2032.01,2563,1027395,3.1905195989061075
179,2032.01,2576,1028064,3.1905195989061075
180,2032.01,2597,1029026,3.1905195989061075
181,2032.01,2613,1029688,3.1905195989061075
182,2032.01,2629,1030351,3.1905195989061075
183,2032.01,2643,1031013,3.1905195989061075
184,2032.01,2657,1031676,3.1905195989061075
185,2032.01,2671,1032339,3.1905195989061075
186,2032.01,2684,1033003,3.1905195989061075
187,2032.01,2699,1033669,3.1905195989061075
188,2032.01,2714,1034335,3.1905195989061075
189,2032.01,2728,1035002,3.1905195989061075
190,2032.01,2744,1035667,3.1905195989061075
191,2032.01,2759,1036334,3.1905195989061075
192,2032.01,2773,1037002,3.1905195989061075
193,2032.01,2787,1037669,3.1905195989061075
194,2032.01,2801,1038334,3.1905195989061075
195,2032.01,2817,1038998,3.1905195989061075
196,2032.01,2831,1039661,3.1905195989061075
197,2032.01,2846,1040324,3.1905195989061075
198,2032.01,2860,1040987,3.1905195989061075
199,2032.01,2874,1041648,3.1905195989061075
200,2032.01,2887,1042310,3.1905195989061075
201,2032.01,2901,1042973,3.1905195989061075
202,2032.01,2915,1043636,3.1905195989061075
203,2032.01,2928,1044296,3.1905195989061075
204,2032.01,2942,1044956,3.1905195989061075
205,2032.01,2957,1045615,3.1905195989061075
206,2032.01,2971,1046274,3.1905195989061075
207,2032.01,2985,1046931,3.1905195989061075
208,2032.01,2999,1047592,3.1905195989061075
209,2032.01,3013,1048257,3.1905195989061075
210,2032.01,3031,1049224,3.1905195989061075
211,2032.01,3045,1049890,3.1905195989061075
212,2032.01,3058,1050555,3.1905195989061075
213,2032.01,3073,1051221,3.1905195989061075
214,2032.01,3088,1051887,3.1905195989061075
215,2032.01,3104,1052557,3.1905195989061075
216,2032.01,3119,1053227,3.1905195989061075
217,2032.01,3133,1053896,3.1905195989061075
218,2032.01,3147,1054566,3.1905195989061075
219,2032.01,3161,1055236,3.1905195989061075
220,2032.01,3175,1055907,3.1905195989061075
221,2032.01,3189,1056580,3.1905195989061075
222,2032.01,3204,1057252,3.1905195989061075
223,2032.01,3218,1057924,3.1905195989061075
224,2032.01,3232,1058597,3.1905195989061075
225,2032.01,3246,1059268,3.1905195989061075
226,2032.01,3260,1059940,3.1905195989061075
227,2032.01,3274,1060611,3.1905195989061075
228,2032.01,3288,1061280,3.1905195989061075
229,2032.01,3302,1061951,3.1905195989061075
230,2032.01,3317,1062622,3.1905195989061075
231,2032.01,3331,1063293,3.1905195989061075
232,2032.01,3345,1063968,3.1905195989061075
233,2032.01,3359,1064643,3.1905195989061075
234,2032.01,3373,1065317,3.1905195989061075
235,2032.01,3387,1065992,3.1905195989061075
236,2032.01,3401,1066667,3.1905195989061075
237,2032.01,3414,1067342,3.1905195989061075
238,2032.01,3427,1068021,3.1905195989061075
239,2032.01,3442,1068699,3.1905195989061075
240,2032.01,3459,1069668,3.1905195989061075
241,2032.01,3473,1070337,3.1905195989061075
242,2032.01,3487,1071008,3.1905195989061075
243,2032.01,3501,1071677,3.1905195989061075
244,2032.01,3515,1072352,3.1905195989061075
245,2032.01,3528,1073027,3.1905195989061075
246,2032.01,3543,1073702,3.1905195989061075
247,2032.01,3557,1074377,3.1905195989061075
248,2032.01,3570,1075053,3.1905195989061075
249,2032.01,3585,1075733,3.1905195989061075
250,2032.01,3601,1076414,3.1905195989061075
251,2032.01,3617,1077095,3.1905195989061075
252,2032.01,3631,1077776,3.1905195989061075
253,2032.01,3645,1078457,3.1905195989061075
254,2032.01,3660,1079138,3.1905195989061075
255,2032.01,3674,1079819,3.1905195989061075
256,2032.01,3688,1080500,3.1905195989061075
257,2032.01,3702,1081181,3.1905195989061075
258,2032.01,3717,1081862,3.1905195989061075
259,2032.01,3732,1082544,3.1905195989061075
260,2032.01,3746,1083225,3.1905195989061075
261,2032.01,3761,1083900,3.1905195989061075
262,2032.01,3777,1084576,3.1905195989061075
263,2032.01,3792,1085250,3.1905195989061075
264,2032.01,3807,1085921,3.1905195989061075
265,2032.01,3822,1086591,3.1905195989061075
266,2032.01,3836,1087261,3.1905195989061075
267,2032.01,3850,1087931,3.1905195989061075
268,2032.01,3864,1088601,3.1905195989061075
269,2032.01,3878,1089269,3.1905195989061075
270,2032.01,3897,1090223,3.1905195989061075
271,2032.01,3911,1090874,3.1905195989061075
272,2032.01,3925,1091526,3.1905195989061075
273,2032.01,3938,1092177,3.1905195989061075
274,2032.01,3952,1092831,3.1905195989061075
275,2032.01,3966,1093482,3.1905195989061075
276,2032.01,3981,1094134,3.1905195989061075
277,2032.01,3997,1094786,3.1905195989061075
278,2032.01,4011,1095434,3.1905195989061075
279,2032.01,4024,1096081,3.1905195989061075
280,2032.01,4038,1096728,3.1905195989061075
281,2032.01,4051,1097375,3.1905195989061075
282,2032.01,4064,1098022,3.1905195989061075
283,2032.01,4078,1098668,3.1905195989061075
284,2032.01,4093,1099314,3.1905195989061075
285,2032.01,4111,1099959,3.1905195989061075
286,2032.01,4126,1100607,3.1905195989061075
287,2032.01,4139,1101257,3.1905195989061075
288,2032.01,4153,1101908,3.1905195989061075
289,2032.01,4167,1102560,3.1905195989061075
290,2032.01,4180,1103214,3.1905195989061075
291,2032.01,4194,1103868,3.1905195989061075
292,2032.01,4208,1104522,3.1905195989061075
293,2032.01,4222,1105176,3.1905195989061075
294,2032.01,4236,1105830,3.1905195989061075
295,2032.01,4250,1106484,3.1905195989061075
296,2032.01,4264,1107138,3.1905195989061075
297,2032.01,4278,1107792,3.1905195989061075
298,2032.01,4292,1108446,3.1905195989061075
299,2032.01,4305,1109104,3.1905195989061075
300,2032.01,4324,1110061,3.1905195989061075
301,2032.01,4338,1110720,3.1905195989061075
302,2032.01,4352,1111379,3.1905195989061075
303,2032.01,4366,1112037,3.1905195989061075
304,2032.01,4380,1112695,3.1905195989061075
305,2032.01,4394,1113357,3.1905195989061075
306,2032.01,4407,1114019,3.1905195989061075
307,2032.01,4421,1114677,3.1905195989061075
308,2032.01,4435,1115335,3.1905195989061075
309,2032.01,4448,1115992,3.1905195989061075
310,2032.01,4462,1116650,3.1905195989061075
311,2032.01,4475,1117309,3.1905195989061075
312,2032.01,4489,1117969,3.1905195989061075
313,2032.01,4504,1118627,3.1905195989061075
314,2032.01,4517,1119286,3.1905195989061075
315,2032.01,4532,1119948,3.1905195989061075
316,2032.01,4546,1120609,3.1905195989061075
317,2032.01,4559,1121272,3.1905195989061075
318,2032.01,4574,1121935,3.1905195989061075
319,2032.01,4588,1122597,3.1905195989061075
320,2032.01,4605,1123260,3.1905195989061075
321,2032.01,4620,1123924,3.1905195989061075
322,2032.01,4636,1124590,3.1905195989061075
323,2032.01,4650,1125256,3.1905195989061075
324,2032.01,4663,1125918,3.1905195989061075
325,2032.01,4677,1126578,3.1905195989061075
326,2032.01,4691,1127238,3.1905195989061075
327,2032.01,4705,1127897,3.1905195989061075
328,2032.01,4718,1128558,3.1905195989061075
329,2032.01,4733,1129218,3.1905195989061075
330,2032.01,4752,1130185,3.1905195989061075
331,2032.01,4766,1130852,3.1905195989061075
332,2032.01,4780,1131523,3.1905195989061075
333,2032.01,4794,1132192,3.1905195989061075
334,2032.01,4808,1132867,3.1905195989061075
335,2032.01,4822,1133540,3.1905195989061075
336,2032.01,4838,1134212,3.1905195989061075
337,2032.01,4852,1134884,3.1905195989061075
338,2032.01,4867,1135558,3.1905195989061075
339,2032.01,4880,1136236,3.1905195989061075
340,2032.01,4894,1136918,3.1905195989061075
341,2032.01,4908,1137597,3.1905195989061075
342,2032.01,4922,1138275,3.1905195989061075
343,2032.01,4936,1138950,3.1905195989061075
344,2032.01,4950,1139627,3.1905195989061075
345,2032.01,4965,1140305,3.1905195989061075
346,2032.01,4979,1140982,3.1905195989061075
347,2032.01,4993,1141659,3.1905195989061075
348,2032.01,5007,1142335,3.1905195989061075
349,2032.01,5021,1143011,3.1905195989061075
350,2032.01,5036,1143690,3.1905195989061075
351,2032.01,5050,1144368,3.1905195989061075
352,2032.01,5063,1145045,3.1905195989061075
353,2032.01,5077,1145718,3.1905195989061075
354,2032.01,5091,1146395,3.1905195989061075
355,2032.01,5109,1147071,3.1905195989061075
356,2032.01,5125,1147751,3.1905195989061075
357,2032.01,5139,1148431,3.1905195989061075
358,2032.01,5153,1149110,3.1905195989061075
359,2032.01,5167,1149790,3.1905195989061075
360,2032.01,5185,1150758,3.1905195989061075
361,2032.01,5199,1151428,3.1905195989061075
362,2032.01,5213,1152096,3.1905195989061075
363,2032.01,5227,1152760,3.1905195989061075
364,2032.01,5241,1153426,3.1905195989061075
365,2032.01,5256,1154096,3.1905195989061075
366,2032.01,5270,1154767,3.1905195989061075
367,2032.01,5284,1155439,3.1905195989061075
368,2032.01,5297,1156111,3.1905195989061075
369,2032.01,5312,1156782,3.1905195989061075
370,2032.01,5326,1157454,3.1905195989061075
371,2032.01,5340,1158125,3.1905195989061075
372,2032.01,5355,1158795,3.1905195989061075
373,2032.01,5368,1159465,3.1905195989061075
374,2032.01,5382,1160131,3.1905195989061075
375,2032.01,5395,1160794,3.1905195989061075
376,2032.01,5410,1161460,3.1905195989061075
377,2032.01,5424,1162126,3.1905195989061075
378,2032.01,5438,1162792,3.1905195989061075
379,2032.01,5452,1163461,3.1905195989061075
380,2032.01,5466,1164130,3.1905195989061075
381,2032.01,5480,1164799,3.1905195989061075
382,2032.01,5496,1165469,3.1905195989061075
383,2032.01,5511,1166139,3.1905195989061075
384,2032.01,5525,1166811,3.1905195989061075
385,2032.01,5539,1167481,3.1905195989061075
386,2032.01,5553,1168151,3.1905195989061075
387,2032.01,5567,1168822,3.1905195989061075
388,2032.01,5583,1169493,3.1905195989061075
389,2032.01,5602,1170162,3.1905195989061075
390,2032.01,5623,1171116,3.1905195989061075
391,2032.01,5637,1171770,3.1905195989061075
392,2032.01,5652,1172423,3.1905195989061075
393,2032.01,5667,1173073,3.1905195989061075
394,2032.01,5683,1173723,3.1905195989061075
395,2032.01,5699,1174372,3.1905195989061075
396,2032.01,5714,1175021,3.1905195989061075
397,2032.01,5750,1175670,3.1905195989061075
398,2032.01,5764,1176320,3.1905195989061075
399,2032.01,5778,1176968,3.1905195989061075
400,2032.01,5792,1177617,3.1905195989061075
401,2032.01,5806,1178267,3.1905195989061075
402,2032.01,5820,1178921,3.1905195989061075
403,2032.01,5834,1179571,3.1905195989061075
404,2032.01,5848,1180222,3.1905195989061075
405,2032.01,5862,1180871,3.1905195989061075
406,2032.01,5876,1181520,3.1905195989061075
407,2032.01,5891,1182169,3.1905195989061075
408,2032.01,5904,1182818,3.1905195989061075
409,2032.01,5917,1183467,3.1905195989061075
410,2032.01,5931,1184116,3.1905195989061075
411,2032.01,5944,1184766,3.1905195989061075
412,2032.01,5957,1185417,3.1905195989061075
413,2032.01,5972,1186069,3.1905195989061075
414,2032.01,5985,1186721,3.1905195989061075
415,2032.01,5999,1187374,3.1905195989061075
416,2032.01,6014,1188031,3.1905195989061075
417,2032.01,6027,1188688,3.1905195989061075
418,2032.01,6041,1189343,3.1905195989061075
419,2032.01,6055,1190000,3.1905195989061075
420,2032.01,6072,1190956,3.1905195989061075
421,2032.01,6086,1191608,3.1905195989061075
422,2032.01,6102,1192258,3.1905195989061075
423,2032.01,6118,1192908,3.1905195989061075
424,2032.01,6132,1193559,3.1905195989061075
