1,1111.38,7,32,5.873015873015873
2,1046.08,14,63,2.5396825396825395
3,1046.08,22,94,2.5396825396825395
4,1046.08,31,125,2.5396825396825395
5,1046.08,39,156,2.5396825396825395
6,1046.08,47,187,2.5396825396825395
7,1046.08,55,218,2.5396825396825395
8,1046.08,64,249,2.5396825396825395
9,1046.08,72,280,2.5396825396825395
10,1046.08,80,311,2.5396825396825395
11,1046.08,88,342,2.5396825396825395
12,1046.08,97,373,2.5396825396825395
13,1046.08,105,404,2.5396825396825395
14,1046.08,115,435,2.5396825396825395
15,1046.08,124,466,2.5396825396825395
16,1046.08,132,497,2.5396825396825395
17,1046.08,142,528,2.5396825396825395
18,1046.08,150,559,2.5396825396825395
19,1046.08,158,590,2.5396825396825395
20,1046.08,167,621,2.5396825396825395
21,1046.08,176,652,2.5396825396825395
22,1046.08,185,683,2.5396825396825395
23,1046.08,194,714,2.5396825396825395
24,1046.08,203,745,2.5396825396825395
25,1046.08,211,776,2.5396825396825395
26,1046.08,220,807,2.5396825396825395
27,1046.08,228,838,2.5396825396825395
28,1046.08,237,869,2.5396825396825395
29,1046.08,245,900,2.5396825396825395
30,1046.08,254,931,2.5396825396825395
31,1046.08,262,962,2.5396825396825395
32,1046.08,271,993,2.5396825396825395
33,1046.08,281,1024,2.5396825396825395
34,1046.08,291,1055,2.5396825396825395
35,1046.08,300,1086,2.5396825396825395
36,1046.08,309,1117,2.5396825396825395
37,1046.08,317,1148,2.5396825396825395
38,1046.08,326,1179,2.5396825396825395
39,1046.08,334,1210,2.5396825396825395
40,1046.08,343,1241,2.5396825396825395
41,1046.08,352,1272,2.5396825396825395
42,1046.08,360,1303,2.5396825396825395
43,1046.08,369,1334,2.5396825396825395
44,1046.08,379,1365,2.5396825396825395
45,1046.08,388,1396,2.5396825396825395
46,1046.08,397,1427,2.5396825396825395
47,1046.08,405,1458,2.5396825396825395
48,1046.08,413,1489,2.5396825396825395
49,1046.08,422,1520,2.5396825396825395
50,1046.08,430,1551,2.5396825396825395
51,1046.08,440,1582,2.5396825396825395
52,1046.08,448,1613,2.5396825396825395
53,1046.08,457,1644,2.5396825396825395
54,1046.08,465,1675,2.5396825396825395
55,1046.08,475,1706,2.5396825396825395
56,1046.08,483,1737,2.5396825396825395
57,1046.08,492,1768,2.5396825396825395
58,1031.7,501,1799,1.5873015873015872
59,1031.7,509,1830,1.5873015873015872
60,1031.7,518,1861,1.5873015873015872
61,1031.7,526,1892,1.5873015873015872
62,1031.7,535,1923,1.5873015873015872
63,1031.7,543,1954,1.5873015873015872
64,1031.7,551,1985,1.5873015873015872
65,1031.7,560,2016,1.5873015873015872
66,1030.94,570,2047,5.714285714285714
67,1030.94,578,2078,5.714285714285714
68,1030.94,586,2109,5.714285714285714
69,1030.94,595,2140,5.714285714285714
70,1030.94,604,2171,5.714285714285714
71,1030.94,612,2202,5.714285714285714
72,1030.94,620,2233,5.714285714285714
73,1030.94,629,2264,5.714285714285714
74,1030.94,640,2295,5.714285714285714
75,1030.94,649,2326,5.714285714285714
76,1030.94,659,2357,5.714285714285714
77,1030.94,668,2388,5.714285714285714
78,1030.94,677,2419,5.714285714285714
79,1030.94,687,2450,5.714285714285714
80,1030.94,696,2481,5.714285714285714
81,1030.94,705,2512,5.714285714285714
82,1030.94,714,2543,5.714285714285714
83,1030.94,723,2574,5.714285714285714
84,1030.94,731,2605,5.714285714285714
85,1030.94,741,2636,5.714285714285714
86,1030.94,751,2667,5.714285714285714
87,1030.94,760,2698,5.714285714285714
88,1017.26,770,2729,5.396825396825397
89,1017.26,778,2760,5.396825396825397
90,1017.26,787,2791,5.396825396825397
91,1017.26,796,2822,5.396825396825397
92,1017.26,804,2853,5.396825396825397
93,1017.26,813,2884,5.396825396825397
94,1017.26,821,2915,5.396825396825397
95,1017.26,830,2946,5.396825396825397
96,1017.26,838,2977,5.396825396825397
97,1017.26,847,3008,5.396825396825397
98,1017.26,856,3039,5.396825396825397
99,1017.26,865,3070,5.396825396825397
100,1017.26,873,3101,5.396825396825397
101,1017.26,882,3163,5.396825396825397
102,1017.26,891,3225,5.396825396825397
103,1017.26,900,3287,5.396825396825397
104,1017.26,909,3349,5.396825396825397
105,1017.26,918,3411,5.396825396825397
106,1017.26,927,3473,5.396825396825397
107,1017.26,936,3535,5.396825396825397
108,1017.26,944,3597,5.396825396825397
109,1017.26,954,3659,5.396825396825397
110,1017.26,963,3721,5.396825396825397
111,1017.26,971,3783,5.396825396825397
112,1017.26,980,3845,5.396825396825397
113,1017.26,989,3907,5.396825396825397
114,1017.26,998,3969,5.396825396825397
115,1017.26,1007,4031,5.396825396825397
116,1017.26,1017,4093,5.396825396825397
117,1017.26,1025,4155,5.396825396825397
118,1017.26,1034,4217,5.396825396825397
119,1017.26,1044,4279,5.396825396825397
120,1017.26,1053,4341,5.396825396825397
121,1017.26,1062,4403,5.396825396825397
122,1017.26,1071,4465,5.396825396825397
123,1017.26,1080,4527,5.396825396825397
124,1017.26,1089,4589,5.396825396825397
125,1017.26,1098,4651,5.396825396825397
126,1017.26,1107,4713,5.396825396825397
127,1017.26,1115,4775,5.396825396825397
128,1017.26,1125,4837,5.396825396825397
129,1017.26,1134,4899,5.396825396825397
130,1017.26,1144,4961,5.396825396825397
131,1017.26,1153,5023,5.396825396825397
132,1017.26,1162,5085,5.396825396825397
133,1017.26,1174,5147,5.396825396825397
134,1017.26,1183,5209,5.396825396825397
135,1017.26,1192,5271,5.396825396825397
136,1017.26,1201,5333,5.396825396825397
137,1017.26,1210,5395,5.396825396825397
138,1017.26,1219,5457,5.396825396825397
139,1017.26,1228,5519,5.396825396825397
140,1017.26,1236,5581,5.396825396825397
141,1017.26,1245,5643,5.396825396825397
142,1013.3599999999999,1255,5705,1.507936507936508
143,1013.3599999999999,1263,5767,1.507936507936508
144,1013.3599999999999,1272,5829,1.507936507936508
145,1013.3599999999999,1281,5891,1.507936507936508
146,1013.3599999999999,1290,5953,1.507936507936508
147,1013.3599999999999,1298,6015,1.507936507936508
148,1013.3599999999999,1307,6077,1.507936507936508
149,1013.3599999999999,1316,6139,1.507936507936508
150,1013.3599999999999,1325,6201,1.507936507936508
151,1013.3599999999999,1335,6294,1.507936507936508
152,1013.3599999999999,1345,6387,1.507936507936508
153,1013.3599999999999,1354,6480,1.507936507936508
154,1013.3599999999999,1362,6573,1.507936507936508
155,1013.3599999999999,1371,6666,1.507936507936508
156,1013.3599999999999,1380,6759,1.507936507936508
157,1013.3599999999999,1390,6852,1.507936507936508
158,1013.3599999999999,1398,6945,1.507936507936508
159,1013.3599999999999,1409,7038,1.507936507936508
160,1013.3599999999999,1417,7131,1.507936507936508
161,1013.3599999999999,1426,7224,1.507936507936508
162,1013.3599999999999,1436,7317,1.507936507936508
163,1013.3599999999999,1445,7410,1.507936507936508
164,1013.3599999999999,1455,7503,1.507936507936508
165,1013.3599999999999,1464,7596,1.507936507936508
166,997.5,1474,7689,3.1746031746031744
167,997.5,1485,7782,3.1746031746031744
168,997.5,1494,7875,3.1746031746031744
169,997.5,1503,7968,3.1746031746031744
170,997.5,1512,8061,3.1746031746031744
171,997.5,1521,8154,3.1746031746031744
172,997.5,1530,8247,3.1746031746031744
173,997.5,1539,8340,3.1746031746031744
174,997.5,1548,8433,3.1746031746031744
175,997.5,1557,8526,3.1746031746031744
176,997.5,1567,8619,3.1746031746031744
177,997.5,1576,8712,3.1746031746031744
178,997.5,1584,8805,3.1746031746031744
179,997.5,1593,8898,3.1746031746031744
180,997.5,1602,8991,3.1746031746031744
181,997.5,1611,9084,3.1746031746031744
182,997.5,1620,9177,3.1746031746031744
183,997.5,1628,9270,3.1746031746031744
184,997.5,1637,9363,3.1746031746031744
185,997.5,1646,9456,3.1746031746031744
186,997.5,1655,9549,3.1746031746031744
187,997.5,1664,9642,3.1746031746031744
188,997.5,1674,9735,3.1746031746031744
189,997.5,1683,9828,3.1746031746031744
190,997.5,1692,9921,3.1746031746031744
191,997.5,1701,10014,3.1746031746031744
192,997.5,1709,10107,3.1746031746031744
193,997.5,1718,10200,3.1746031746031744
194,997.5,1727,10293,3.1746031746031744
195,997.5,1736,10386,3.1746031746031744
196,997.5,1745,10479,3.1746031746031744
197,997.5,1754,10572,3.1746031746031744
198,997.5,1763,10665,3.1746031746031744
199,997.5,1772,10758,3.1746031746031744
200,997.5,1780,10851,3.1746031746031744
201,997.5,1790,10975,3.1746031746031744
202,997.5,1799,11099,3.1746031746031744
203,997.5,1809,11223,3.1746031746031744
204,997.5,1818,11347,3.1746031746031744
205,997.5,1827,11471,3.1746031746031744
206,997.5,1836,11595,3.1746031746031744
207,997.5,1844,11719,3.1746031746031744
208,997.5,1853,11843,3.1746031746031744
209,997.5,1862,11967,3.1746031746031744
210,997.5,1872,12091,3.1746031746031744
211,997.5,1881,12215,3.1746031746031744
212,997.5,1890,12339,3.1746031746031744
213,997.5,1899,12463,3.1746031746031744
214,997.5,1908,12587,3.1746031746031744
215,997.5,1918,12711,3.1746031746031744
216,997.5,1927,12835,3.1746031746031744
217,997.5,1936,12959,3.1746031746031744
218,997.5,1945,13083,3.1746031746031744
219,997.5,1954,13207,3.1746031746031744
220,997.5,1963,13331,3.1746031746031744
221,997.5,1972,13455,3.1746031746031744
222,997.5,1981,13579,3.1746031746031744
223,997.5,1989,13703,3.1746031746031744
224,997.5,1998,13827,3.1746031746031744
225,997.5,2007,13951,3.1746031746031744
226,997.5,2016,14075,3.1746031746031744
227,997.5,2024,14199,3.1746031746031744
228,997.5,2034,14323,3.1746031746031744
229,997.5,2043,14447,3.1746031746031744
230,997.5,2053,14571,3.1746031746031744
231,997.5,2062,14695,3.1746031746031744
232,997.5,2071,14819,3.1746031746031744
233,997.5,2080,14943,3.1746031746031744
234,997.5,2089,15067,3.1746031746031744
235,997.5,2097,15191,3.1746031746031744
236,997.5,2107,15315,3.1746031746031744
237,997.5,2115,15439,3.1746031746031744
238,997.5,2124,15563,3.1746031746031744
239,997.5,2133,15687,3.1746031746031744
240,997.5,2143,15811,3.1746031746031744
241,997.5,2152,15935,3.1746031746031744
242,997.5,2161,16059,3.1746031746031744
243,997.5,2171,16183,3.1746031746031744
244,997.5,2180,16307,3.1746031746031744
245,997.5,2189,16431,3.1746031746031744
246,997.5,2198,16555,3.1746031746031744
247,997.5,2207,16679,3.1746031746031744
248,997.5,2216,16803,3.1746031746031744
249,997.5,2224,16927,3.1746031746031744
250,997.5,2233,17051,3.1746031746031744
251,997.5,2242,17206,3.1746031746031744
252,997.5,2252,17361,3.1746031746031744
253,997.5,2261,17516,3.1746031746031744
254,997.5,2271,17671,3.1746031746031744
255,997.5,2280,17826,3.1746031746031744
256,988.064,2289,17981,4.253968253968254
257,988.064,2298,18136,4.253968253968254
258,988.064,2307,18291,4.253968253968254
259,988.064,2317,18446,4.253968253968254
260,988.064,2326,18601,4.253968253968254
261,988.064,2335,18756,4.253968253968254
262,988.064,2344,18911,4.253968253968254
263,988.064,2353,19066,4.253968253968254
264,988.064,2363,19221,4.253968253968254
265,988.064,2373,19376,4.253968253968254
266,988.064,2382,19531,4.253968253968254
267,988.064,2392,19686,4.253968253968254
268,988.064,2403,19841,4.253968253968254
269,988.064,2412,19996,4.253968253968254
270,988.064,2421,20151,4.253968253968254
271,988.064,2430,20306,4.253968253968254
272,988.064,2440,20461,4.253968253968254
273,988.064,2450,20616,4.253968253968254
274,988.064,2459,20771,4.253968253968254
275,988.064,2471,20926,4.253968253968254
276,988.064,2480,21081,4.253968253968254
277,988.064,2491,21236,4.253968253968254
278,988.064,2501,21391,4.253968253968254
279,988.064,2511,21546,4.253968253968254
280,983.3720000000001,2522,21701,2.5079365079365084
281,983.3720000000001,2532,21856,2.5079365079365084
282,983.3720000000001,2542,22011,2.5079365079365084
283,983.3720000000001,2552,22166,2.5079365079365084
284,983.3720000000001,2561,22321,2.5079365079365084
285,983.3720000000001,2570,22476,2.5079365079365084
286,983.3720000000001,2580,22631,2.5079365079365084
287,983.3720000000001,2589,22786,2.5079365079365084
288,983.3720000000001,2598,22941,2.5079365079365084
289,983.3720000000001,2607,23096,2.5079365079365084
290,983.3720000000001,2616,23251,2.5079365079365084
291,983.3720000000001,2626,23406,2.5079365079365084
292,983.3720000000001,2635,23561,2.5079365079365084
293,983.3720000000001,2645,23716,2.5079365079365084
294,983.3720000000001,2654,23871,2.5079365079365084
295,983.3720000000001,2662,24026,2.5079365079365084
296,983.3720000000001,2672,24181,2.5079365079365084
297,983.3720000000001,2681,24336,2.5079365079365084
298,983.3720000000001,2691,24491,2.5079365079365084
299,983.3720000000001,2700,24646,2.5079365079365084
300,983.3720000000001,2709,24801,2.5079365079365084
301,983.3720000000001,2718,24987,2.5079365079365084
302,983.3720000000001,2727,25173,2.5079365079365084
303,983.3720000000001,2737,25359,2.5079365079365084
304,983.3720000000001,2746,25545,2.5079365079365084
305,983.3720000000001,2756,25731,2.5079365079365084
306,983.3720000000001,2765,25917,2.5079365079365084
307,983.3720000000001,2775,26103,2.5079365079365084
308,983.3720000000001,2784,26289,2.5079365079365084
309,983.3720000000001,2793,26475,2.5079365079365084
310,983.3720000000001,2802,26661,2.5079365079365084
311,983.3720000000001,2812,26847,2.5079365079365084
312,983.3720000000001,2820,27033,2.5079365079365084
313,983.3720000000001,2830,27219,2.5079365079365084
314,983.3720000000001,2839,27405,2.5079365079365084
315,983.3720000000001,2848,27591,2.5079365079365084
316,983.3720000000001,2857,27777,2.5079365079365084
317,983.3720000000001,2867,27963,2.5079365079365084
318,983.3720000000001,2877,28149,2.5079365079365084
319,983.3720000000001,2886,28335,2.5079365079365084
320,983.3720000000001,2896,28521,2.5079365079365084
321,983.3720000000001,2905,28707,2.5079365079365084
322,983.3720000000001,2915,28893,2.5079365079365084
323,982.8000000000001,2924,29079,7.962962962962962
324,982.8000000000001,2933,29265,7.962962962962962
325,982.8000000000001,2942,29451,7.962962962962962
326,982.8000000000001,2952,29637,7.962962962962962
327,982.8000000000001,2961,29823,7.962962962962962
328,982.8000000000001,2971,30009,7.962962962962962
329,982.8000000000001,2980,30195,7.962962962962962
330,982.8000000000001,2990,30381,7.962962962962962
331,982.8000000000001,2999,30567,7.962962962962962
332,982.8000000000001,3008,30753,7.962962962962962
333,982.8000000000001,3018,30939,7.962962962962962
334,982.8000000000001,3027,31125,7.962962962962962
335,982.8000000000001,3036,31311,7.962962962962962
336,982.8000000000001,3045,31497,7.962962962962962
337,982.8000000000001,3056,31683,7.962962962962962
338,982.8000000000001,3068,31869,7.962962962962962
339,982.8000000000001,3077,32055,7.962962962962962
340,982.8000000000001,3086,32241,7.962962962962962
341,982.8000000000001,3095,32427,7.962962962962962
342,982.8000000000001,3105,32613,7.962962962962962
343,982.8000000000001,3114,32799,7.962962962962962
344,982.8000000000001,3124,32985,7.962962962962962
345,982.8000000000001,3133,33171,7.962962962962962
346,982.8000000000001,3143,33357,7.962962962962962
347,982.8000000000001,3153,33543,7.962962962962962
348,982.8000000000001,3162,33729,7.962962962962962
349,982.8000000000001,3171,33915,7.962962962962962
350,982.8000000000001,3181,34101,7.962962962962962
351,982.8000000000001,3190,34318,7.962962962962962
352,982.8000000000001,3200,34535,7.962962962962962
353,982.8000000000001,3209,34752,7.962962962962962
354,982.8000000000001,3219,34969,7.962962962962962
355,982.8000000000001,3229,35186,7.962962962962962
356,982.8000000000001,3238,35403,7.962962962962962
357,982.8000000000001,3248,35620,7.962962962962962
358,982.8000000000001,3257,35837,7.962962962962962
359,982.8000000000001,3267,36054,7.962962962962962
360,982.8000000000001,3276,36271,7.962962962962962
361,982.8000000000001,3285,36488,7.962962962962962
362,982.8000000000001,3295,36705,7.962962962962962
363,982.8000000000001,3304,36922,7.962962962962962
364,982.8000000000001,3315,37139,7.962962962962962
365,982.8000000000001,3324,37356,7.962962962962962
366,982.8000000000001,3333,37573,7.962962962962962
367,982.8000000000001,3342,37790,7.962962962962962
368,982.8000000000001,3352,38007,7.962962962962962
369,982.8000000000001,3361,38224,7.962962962962962
370,982.8000000000001,3370,38441,7.962962962962962
371,982.8000000000001,3379,38658,7.962962962962962
372,982.8000000000001,3389,38875,7.962962962962962
373,982.8000000000001,3399,39092,7.962962962962962
374,982.8000000000001,3409,39309,7.962962962962962
375,982.8000000000001,3418,39526,7.962962962962962
376,982.8000000000001,3428,39743,7.962962962962962
377,982.8000000000001,3437,39960,7.962962962962962
378,982.8000000000001,3447,40177,7.962962962962962
379,982.8000000000001,3456,40394,7.962962962962962
380,982.8000000000001,3466,40611,7.962962962962962
381,982.8000000000001,3476,40828,7.962962962962962
382,982.8000000000001,3486,41045,7.962962962962962
383,982.8000000000001,3495,41262,7.962962962962962
384,982.8000000000001,3505,41479,7.962962962962962
385,982.8000000000001,3514,41696,7.962962962962962
386,982.8000000000001,3524,41913,7.962962962962962
387,982.8000000000001,3533,42130,7.962962962962962
388,982.8000000000001,3542,42347,7.962962962962962
389,982.8000000000001,3552,42564,7.962962962962962
390,975.2171428571428,3561,42781,5.328798185941042
391,975.2171428571428,3571,42998,5.328798185941042
392,975.2171428571428,3580,43215,5.328798185941042
393,975.2171428571428,3589,43432,5.328798185941042
394,975.2171428571428,3599,43649,5.328798185941042
395,975.2171428571428,3608,43866,5.328798185941042
396,975.2171428571428,3617,44083,5.328798185941042
397,975.2171428571428,3627,44300,5.328798185941042
398,975.2171428571428,3637,44517,5.328798185941042
399,975.2171428571428,3647,44734,5.328798185941042
400,975.2171428571428,3656,44951,5.328798185941042
401,975.2171428571428,3665,45199,5.328798185941042
402,975.2171428571428,3675,45447,5.328798185941042
403,975.2171428571428,3684,45695,5.328798185941042
404,975.2171428571428,3694,45943,5.328798185941042
405,975.2171428571428,3704,46191,5.328798185941042
406,975.2171428571428,3713,46439,5.328798185941042
407,975.2171428571428,3723,46687,5.328798185941042
408,975.2171428571428,3732,46935,5.328798185941042
409,975.2171428571428,3741,47183,5.328798185941042
410,975.2171428571428,3752,47431,5.328798185941042
411,975.2171428571428,3761,47679,5.328798185941042
412,975.2171428571428,3772,47927,5.328798185941042
413,975.2171428571428,3782,48175,5.328798185941042
414,975.2171428571428,3792,48423,5.328798185941042
415,975.2171428571428,3802,48671,5.328798185941042
416,975.2171428571428,3811,48919,5.328798185941042
417,975.2171428571428,3820,49167,5.328798185941042
418,975.2171428571428,3830,49415,5.328798185941042
419,975.2171428571428,3840,49663,5.328798185941042
420,975.2171428571428,3850,49911,5.328798185941042
421,975.2171428571428,3859,50159,5.328798185941042
422,975.2171428571428,3869,50407,5.328798185941042
423,975.2171428571428,3878,50655,5.328798185941042
424,975.2171428571428,3888,50903,5.328798185941042
425,975.2171428571428,3897,51151,5.328798185941042
426,975.2171428571428,3907,51399,5.328798185941042
427,975.2171428571428,3917,51647,5.328798185941042
428,975.2171428571428,3926,51895,5.328798185941042
429,975.2171428571428,3935,52143,5.328798185941042
430,975.2171428571428,3945,52391,5.328798185941042
431,975.2171428571428,3954,52639,5.328798185941042
432,975.2171428571428,3963,52887,5.328798185941042
433,975.2171428571428,3974,53135,5.328798185941042
434,975.2171428571428,3983,53383,5.328798185941042
435,975.2171428571428,3993,53631,5.328798185941042
436,975.2171428571428,4003,53879,5.328798185941042
437,975.2171428571428,4013,54127,5.328798185941042
438,975.2171428571428,4023,54375,5.328798185941042
439,975.2171428571428,4032,54623,5.328798185941042
440,954.3125,4043,54871,4.265873015873017
441,954.3125,4052,55119,4.265873015873017
442,954.3125,4062,55367,4.265873015873017
443,954.3125,4071,55615,4.265873015873017
444,954.3125,4081,55863,4.265873015873017
445,954.3125,4091,56111,4.265873015873017
446,954.3125,4100,56359,4.265873015873017
447,954.3125,4110,56607,4.265873015873017
448,954.3125,4120,56855,4.265873015873017
449,954.3125,4130,57103,4.265873015873017
450,954.3125,4139,57351,4.265873015873017
451,954.3125,4148,57630,4.265873015873017
452,954.3125,4159,57909,4.265873015873017
453,954.3125,4168,58188,4.265873015873017
454,954.3125,4177,58467,4.265873015873017
455,954.3125,4187,58746,4.265873015873017
456,954.3125,4197,59025,4.265873015873017
457,954.3125,4206,59304,4.265873015873017
458,954.3125,4216,59583,4.265873015873017
459,954.3125,4225,59862,4.265873015873017
460,954.3125,4235,60141,4.265873015873017
461,954.3125,4244,60420,4.265873015873017
462,954.3125,4254,60699,4.265873015873017
463,954.3125,4263,60978,4.265873015873017
464,954.3125,4273,61257,4.265873015873017
465,954.3125,4282,61536,4.265873015873017
466,954.3125,4291,61815,4.265873015873017
467,954.3125,4300,62094,4.265873015873017
468,954.3125,4311,62373,4.265873015873017
469,954.3125,4321,62652,4.265873015873017
470,954.3125,4330,62931,4.265873015873017
471,954.3125,4340,63210,4.265873015873017
472,954.3125,4349,63489,4.265873015873017
473,954.3125,4359,63768,4.265873015873017
474,954.3125,4372,64047,4.265873015873017
475,954.3125,4381,64326,4.265873015873017
476,954.3125,4391,64605,4.265873015873017
477,954.3125,4404,64884,4.265873015873017
478,954.3125,4413,65163,4.265873015873017
479,954.3125,4423,65442,4.265873015873017
480,954.3125,4432,65721,4.265873015873017
481,952.4022222222221,4443,66000,4.814814814814815
482,952.4022222222221,4453,66279,4.814814814814815
483,952.4022222222221,4462,66558,4.814814814814815
484,952.4022222222221,4472,66837,4.814814814814815
485,952.4022222222221,4481,67116,4.814814814814815
486,952.4022222222221,4493,67395,4.814814814814815
487,952.4022222222221,4502,67674,4.814814814814815
488,952.4022222222221,4511,67953,4.814814814814815
489,952.4022222222221,4521,68232,4.814814814814815
490,952.4022222222221,4530,68511,4.814814814814815
491,952.4022222222221,4540,68790,4.814814814814815
492,952.4022222222221,4549,69069,4.814814814814815
493,952.4022222222221,4558,69348,4.814814814814815
494,952.4022222222221,4567,69627,4.814814814814815
495,952.4022222222221,4578,69906,4.814814814814815
496,952.4022222222221,4587,70185,4.814814814814815
497,952.4022222222221,4596,70464,4.814814814814815
498,952.4022222222221,4605,70743,4.814814814814815
499,952.4022222222221,4615,71022,4.814814814814815
500,948.8866666666667,4624,71301,4.303350970017636
501,948.8866666666667,4633,71611,4.303350970017636
502,948.8866666666667,4643,71921,4.303350970017636
503,948.8866666666667,4653,72231,4.303350970017636
504,948.8866666666667,4663,72541,4.303350970017636
505,948.8866666666667,4673,72851,4.303350970017636
506,948.8866666666667,4682,73161,4.303350970017636
507,948.8866666666667,4693,73471,4.303350970017636
508,948.8866666666667,4702,73781,4.303350970017636
509,948.8866666666667,4711,74091,4.303350970017636
510,948.8866666666667,4721,74401,4.303350970017636
511,948.8866666666667,4730,74711,4.303350970017636
512,948.8866666666667,4740,75021,4.303350970017636
513,948.8866666666667,4749,75331,4.303350970017636
514,946.21,4760,75641,4.222222222222222
515,946.21,4769,75951,4.222222222222222
516,946.21,4778,76261,4.222222222222222
517,946.21,4787,76571,4.222222222222222
518,946.21,4796,76881,4.222222222222222
519,946.21,4805,77191,4.222222222222222
520,946.21,4814,77501,4.222222222222222
521,946.21,4824,77811,4.222222222222222
522,946.21,4833,78121,4.222222222222222
523,946.21,4842,78431,4.222222222222222
524,946.21,4853,78741,4.222222222222222
525,946.21,4862,79051,4.222222222222222
526,946.21,4871,79361,4.222222222222222
527,946.21,4881,79671,4.222222222222222
528,946.21,4890,79981,4.222222222222222
529,946.21,4899,80291,4.222222222222222
530,946.21,4908,80601,4.222222222222222
531,946.21,4917,80911,4.222222222222222
532,946.21,4926,81221,4.222222222222222
533,946.21,4935,81531,4.222222222222222
534,946.21,4945,81841,4.222222222222222
535,946.21,4955,82151,4.222222222222222
536,945.1320000000002,4965,82461,3.7301587301587302
537,945.1320000000002,4974,82771,3.7301587301587302
538,945.1320000000002,4983,83081,3.7301587301587302
539,945.1320000000002,4992,83391,3.7301587301587302
540,945.1320000000002,5001,83701,3.7301587301587302
541,945.1320000000002,5010,84011,3.7301587301587302
542,945.1320000000002,5019,84321,3.7301587301587302
543,945.1320000000002,5029,84631,3.7301587301587302
544,945.1320000000002,5038,84941,3.7301587301587302
545,945.1320000000002,5047,85251,3.7301587301587302
546,945.1320000000002,5056,85561,3.7301587301587302
547,945.1320000000002,5065,85871,3.7301587301587302
548,945.1320000000002,5074,86181,3.7301587301587302
549,945.1320000000002,5083,86491,3.7301587301587302
550,945.1320000000002,5092,86801,3.7301587301587302
551,945.1320000000002,5101,87142,3.7301587301587302
552,945.1320000000002,5111,87483,3.7301587301587302
553,945.1320000000002,5120,87824,3.7301587301587302
554,945.1320000000002,5130,88165,3.7301587301587302
555,945.1320000000002,5138,88506,3.7301587301587302
556,945.1320000000002,5147,88847,3.7301587301587302
557,945.1320000000002,5157,89188,3.7301587301587302
558,945.1320000000002,5166,89529,3.7301587301587302
559,945.1320000000002,5174,89870,3.7301587301587302
560,945.1320000000002,5184,90211,3.7301587301587302
561,945.1320000000002,5194,90552,3.7301587301587302
562,945.1320000000002,5203,90893,3.7301587301587302
563,945.1320000000002,5213,91234,3.7301587301587302
564,945.1320000000002,5221,91575,3.7301587301587302
565,945.1320000000002,5230,91916,3.7301587301587302
566,945.1320000000002,5239,92257,3.7301587301587302
567,945.1320000000002,5248,92598,3.7301587301587302
568,945.1320000000002,5258,92939,3.7301587301587302
569,945.1320000000002,5266,93280,3.7301587301587302
570,945.1320000000002,5276,93621,3.7301587301587302
571,945.1320000000002,5284,93962,3.7301587301587302
572,945.1320000000002,5294,94303,3.7301587301587302
573,945.1320000000002,5303,94644,3.7301587301587302
574,945.1320000000002,5312,94985,3.7301587301587302
575,945.1320000000002,5321,95326,3.7301587301587302
576,945.1320000000002,5330,95667,3.7301587301587302
577,945.1320000000002,5339,96008,3.7301587301587302
578,945.1320000000002,5348,96349,3.7301587301587302
579,945.1320000000002,5356,96690,3.7301587301587302
580,945.1320000000002,5365,97031,3.7301587301587302
581,945.1320000000002,5374,97372,3.7301587301587302
582,945.1320000000002,5384,97713,3.7301587301587302
583,945.1320000000002,5393,98054,3.7301587301587302
584,945.1320000000002,5402,98395,3.7301587301587302
585,945.1320000000002,5411,98736,3.7301587301587302
586,945.1320000000002,5419,99077,3.7301587301587302
587,945.1320000000002,5428,99418,3.7301587301587302
588,945.1320000000002,5437,99759,3.7301587301587302
589,945.1320000000002,5446,100100,3.7301587301587302
590,945.1320000000002,5455,100441,3.7301587301587302
591,945.1320000000002,5464,100782,3.7301587301587302
592,945.1320000000002,5472,101123,3.7301587301587302
593,945.1320000000002,5481,101464,3.7301587301587302
594,945.1320000000002,5490,101805,3.7301587301587302
595,945.1320000000002,5499,102146,3.7301587301587302
596,945.1320000000002,5508,102487,3.7301587301587302
597,945.1320000000002,5517,102828,3.7301587301587302
598,939.7581818181818,5526,103169,4.329004329004329
599,939.7581818181818,5535,103510,4.329004329004329
600,939.7581818181818,5543,103851,4.329004329004329
601,939.7581818181818,5552,104223,4.329004329004329
602,939.7581818181818,5560,104595,4.329004329004329
603,939.7581818181818,5570,104967,4.329004329004329
604,939.7581818181818,5578,105339,4.329004329004329
605,939.7581818181818,5587,105711,4.329004329004329
606,939.7581818181818,5595,106083,4.329004329004329
607,939.7581818181818,5605,106455,4.329004329004329
608,939.7581818181818,5614,106827,4.329004329004329
609,939.7581818181818,5622,107199,4.329004329004329
610,939.7581818181818,5631,107571,4.329004329004329
611,939.7581818181818,5640,107943,4.329004329004329
612,939.7581818181818,5648,108315,4.329004329004329
613,939.7581818181818,5658,108687,4.329004329004329
614,939.7581818181818,5666,109059,4.329004329004329
615,939.7581818181818,5675,109431,4.329004329004329
616,939.7581818181818,5684,109803,4.329004329004329
617,939.7581818181818,5693,110175,4.329004329004329
618,939.7581818181818,5701,110547,4.329004329004329
619,939.7581818181818,5711,110919,4.329004329004329
620,939.7581818181818,5719,111291,4.329004329004329
621,939.7581818181818,5728,111663,4.329004329004329
622,939.7581818181818,5736,112035,4.329004329004329
623,939.7581818181818,5745,112407,4.329004329004329
624,939.7581818181818,5754,112779,4.329004329004329
625,939.7581818181818,5762,113151,4.329004329004329
626,939.7581818181818,5771,113523,4.329004329004329
627,939.7581818181818,5779,113895,4.329004329004329
628,936.6083333333336,5788,114267,5.079365079365079
629,936.6083333333336,5796,114639,5.079365079365079
630,936.6083333333336,5806,115011,5.079365079365079
631,936.3216666666667,5814,115383,3.7830687830687832
632,936.3216666666667,5823,115755,3.7830687830687832
633,936.195,5831,116127,3.835978835978835
634,936.195,5840,116499,3.835978835978835
635,936.195,5849,116871,3.835978835978835
636,936.195,5857,117243,3.835978835978835
637,936.195,5865,117615,3.835978835978835
638,936.195,5875,117987,3.835978835978835
639,936.195,5884,118359,3.835978835978835
640,936.195,5894,118731,3.835978835978835
641,936.195,5904,119103,3.835978835978835
642,936.195,5912,119475,3.835978835978835
643,934.3649999999999,5921,119847,4.748677248677249
644,934.3649999999999,5930,120219,4.748677248677249
645,934.3649999999999,5939,120591,4.748677248677249
646,934.3649999999999,5947,120963,4.748677248677249
647,934.3649999999999,5956,121335,4.748677248677249
648,934.3649999999999,5964,121707,4.748677248677249
649,934.3649999999999,5972,122079,4.748677248677249
650,934.3649999999999,5980,122451,4.748677248677249
651,934.3649999999999,5989,122854,4.748677248677249
652,934.3649999999999,5998,123257,4.748677248677249
653,934.3649999999999,6006,123660,4.748677248677249
654,934.3649999999999,6014,124063,4.748677248677249
655,934.3649999999999,6023,124466,4.748677248677249
656,934.3649999999999,6031,124869,4.748677248677249
657,934.3649999999999,6039,125272,4.748677248677249
658,934.3649999999999,6048,125675,4.748677248677249
659,934.3649999999999,6056,126078,4.748677248677249
660,934.3649999999999,6064,126481,4.748677248677249
661,934.3649999999999,6072,126884,4.748677248677249
662,934.3649999999999,6082,127287,4.748677248677249
663,934.3649999999999,6090,127690,4.748677248677249
664,934.3649999999999,6099,128093,4.748677248677249
665,934.3649999999999,6110,128496,4.748677248677249
666,934.3649999999999,6119,128899,4.748677248677249
667,934.3649999999999,6128,129302,4.748677248677249
668,934.3649999999999,6136,129705,4.748677248677249
669,934.3649999999999,6145,130108,4.748677248677249
670,934.3649999999999,6154,130511,4.748677248677249
671,934.3649999999999,6163,130914,4.748677248677249
672,934.3649999999999,6172,131317,4.748677248677249
673,934.3649999999999,6181,131720,4.748677248677249
674,934.3649999999999,6189,132123,4.748677248677249
675,934.3649999999999,6198,132526,4.748677248677249
676,934.3649999999999,6207,132929,4.748677248677249
677,934.3649999999999,6215,133332,4.748677248677249
678,934.3649999999999,6225,133735,4.748677248677249
679,934.3649999999999,6233,134138,4.748677248677249
680,934.3649999999999,6242,134541,4.748677248677249
681,934.3649999999999,6253,134944,4.748677248677249
682,934.3649999999999,6264,135347,4.748677248677249
683,934.3649999999999,6273,135750,4.748677248677249
684,934.3649999999999,6281,136153,4.748677248677249
685,934.3649999999999,6289,136556,4.748677248677249
686,934.3649999999999,6297,136959,4.748677248677249
687,934.3649999999999,6305,137362,4.748677248677249
688,934.3649999999999,6313,137765,4.748677248677249
689,934.3649999999999,6322,138168,4.748677248677249
690,934.3649999999999,6330,138571,4.748677248677249
691,934.3649999999999,6339,138974,4.748677248677249
692,934.3649999999999,6348,139377,4.748677248677249
693,934.3649999999999,6356,139780,4.748677248677249
694,934.3649999999999,6365,140183,4.748677248677249
695,934.3649999999999,6374,140586,4.748677248677249
696,934.3649999999999,6383,140989,4.748677248677249
697,934.3649999999999,6391,141392,4.748677248677249
698,934.3649999999999,6399,141795,4.748677248677249
699,934.3649999999999,6407,142198,4.748677248677249
700,934.3649999999999,6416,142601,4.748677248677249
701,934.3649999999999,6425,143035,4.748677248677249
702,934.3649999999999,6433,143469,4.748677248677249
703,934.3649999999999,6441,143903,4.748677248677249
704,934.3649999999999,6449,144337,4.748677248677249
705,934.3649999999999,6458,144771,4.748677248677249
706,934.3649999999999,6466,145205,4.748677248677249
707,934.3649999999999,6474,145639,4.748677248677249
708,934.3649999999999,6482,146073,4.748677248677249
709,934.3649999999999,6491,146507,4.748677248677249
710,934.3649999999999,6500,146941,4.748677248677249
711,934.3649999999999,6508,147375,4.748677248677249
712,934.3649999999999,6516,147809,4.748677248677249
713,934.3649999999999,6525,148243,4.748677248677249
714,934.3649999999999,6533,148677,4.748677248677249
715,934.3649999999999,6541,149111,4.748677248677249
716,934.3649999999999,6549,149545,4.748677248677249
717,934.3649999999999,6558,149979,4.748677248677249
718,934.3649999999999,6567,150413,4.748677248677249
719,934.3649999999999,6575,150847,4.748677248677249
720,934.3649999999999,6583,151281,4.748677248677249
721,934.3649999999999,6591,151715,4.748677248677249
722,934.3649999999999,6600,152149,4.748677248677249
723,934.3649999999999,6608,152583,4.748677248677249
724,934.3649999999999,6616,153017,4.748677248677249
725,934.3649999999999,6624,153451,4.748677248677249
726,934.3649999999999,6633,153885,4.748677248677249
727,934.3649999999999,6642,154319,4.748677248677249
728,934.3649999999999,6650,154753,4.748677248677249
729,934.3649999999999,6659,155187,4.748677248677249
730,934.3649999999999,6667,155621,4.748677248677249
731,934.3649999999999,6675,156055,4.748677248677249
732,934.3649999999999,6683,156489,4.748677248677249
733,934.3649999999999,6691,156923,4.748677248677249
734,934.3649999999999,6700,157357,4.748677248677249
735,934.3649999999999,6709,157791,4.748677248677249
736,934.3649999999999,6717,158225,4.748677248677249
737,934.3649999999999,6725,158659,4.748677248677249
738,934.3649999999999,6734,159093,4.748677248677249
739,934.3649999999999,6742,159527,4.748677248677249
740,934.3649999999999,6750,159961,4.748677248677249
741,934.3649999999999,6759,160395,4.748677248677249
742,934.3649999999999,6767,160829,4.748677248677249
743,934.3649999999999,6777,161263,4.748677248677249
744,934.3649999999999,6785,161697,4.748677248677249
745,934.3649999999999,6793,162131,4.748677248677249
746,934.3649999999999,6801,162565,4.748677248677249
747,934.3649999999999,6809,162999,4.748677248677249
748,934.3649999999999,6818,163433,4.748677248677249
749,934.3649999999999,6826,163867,4.748677248677249
750,934.3649999999999,6834,164301,4.748677248677249
751,934.3649999999999,6843,164766,4.748677248677249
752,934.3649999999999,6852,165231,4.748677248677249
753,934.3649999999999,6860,165696,4.748677248677249
754,934.3649999999999,6869,166161,4.748677248677249
755,934.3649999999999,6878,166626,4.748677248677249
756,934.3649999999999,6886,167091,4.748677248677249
757,934.3649999999999,6894,167556,4.748677248677249
758,934.3649999999999,6902,168021,4.748677248677249
759,934.3649999999999,6911,168486,4.748677248677249
760,934.3649999999999,6920,168951,4.748677248677249
761,934.3649999999999,6928,169416,4.748677248677249
762,934.3649999999999,6937,169881,4.748677248677249
763,934.3649999999999,6945,170346,4.748677248677249
764,934.3649999999999,6954,170811,4.748677248677249
765,934.3649999999999,6962,171276,4.748677248677249
766,934.3649999999999,6970,171741,4.748677248677249
767,934.3649999999999,6979,172206,4.748677248677249
768,934.3649999999999,6987,172671,4.748677248677249
769,934.3649999999999,6997,173136,4.748677248677249
770,934.3649999999999,7006,173601,4.748677248677249
771,934.3649999999999,7014,174066,4.748677248677249
772,934.3649999999999,7022,174531,4.748677248677249
773,934.3649999999999,7030,174996,4.748677248677249
774,934.3649999999999,7039,175461,4.748677248677249
775,934.3649999999999,7047,175926,4.748677248677249
776,934.3649999999999,7055,176391,4.748677248677249
777,934.3649999999999,7064,176856,4.748677248677249
778,934.3649999999999,7072,177321,4.748677248677249
779,934.3649999999999,7080,177786,4.748677248677249
780,934.3649999999999,7090,178251,4.748677248677249
781,934.3649999999999,7098,178716,4.748677248677249
782,934.3649999999999,7106,179181,4.748677248677249
783,934.3649999999999,7114,179646,4.748677248677249
784,934.3649999999999,7123,180111,4.748677248677249
785,934.3649999999999,7131,180576,4.748677248677249
786,934.3649999999999,7139,181041,4.748677248677249
787,934.3649999999999,7147,181506,4.748677248677249
788,934.3649999999999,7156,181971,4.748677248677249
789,934.3649999999999,7165,182436,4.748677248677249
790,934.3649999999999,7173,182901,4.748677248677249
791,934.3649999999999,7181,183366,4.748677248677249
792,934.3649999999999,7190,183831,4.748677248677249
793,934.3649999999999,7198,184296,4.748677248677249
794,934.3649999999999,7208,184761,4.748677248677249
795,934.3649999999999,7216,185226,4.748677248677249
796,934.3649999999999,7224,185691,4.748677248677249
797,934.3649999999999,7233,186156,4.748677248677249
798,934.3649999999999,7241,186621,4.748677248677249
799,934.3649999999999,7249,187086,4.748677248677249
800,934.3649999999999,7258,187551,4.748677248677249
801,934.3649999999999,7266,188047,4.748677248677249
802,934.3649999999999,7275,188543,4.748677248677249
803,934.3649999999999,7283,189039,4.748677248677249
804,934.3649999999999,7292,189535,4.748677248677249
805,934.3649999999999,7301,190031,4.748677248677249
806,934.3649999999999,7310,190527,4.748677248677249
807,934.3649999999999,7318,191023,4.748677248677249
808,934.3649999999999,7327,191519,4.748677248677249
809,934.3649999999999,7336,192015,4.748677248677249
810,934.3649999999999,7344,192511,4.748677248677249
811,934.3649999999999,7353,193007,4.748677248677249
812,934.3649999999999,7361,193503,4.748677248677249
813,934.3649999999999,7370,193999,4.748677248677249
814,934.3649999999999,7378,194495,4.748677248677249
815,934.3649999999999,7387,194991,4.748677248677249
816,934.3649999999999,7396,195487,4.748677248677249
817,934.3649999999999,7404,195983,4.748677248677249
818,934.3649999999999,7413,196479,4.748677248677249
819,934.3649999999999,7422,196975,4.748677248677249
820,934.3649999999999,7431,197471,4.748677248677249
821,934.3649999999999,7440,197967,4.748677248677249
822,934.3649999999999,7448,198463,4.748677248677249
823,934.3649999999999,7456,198959,4.748677248677249
824,934.3649999999999,7465,199455,4.748677248677249
825,934.3649999999999,7473,199951,4.748677248677249
826,934.3649999999999,7481,200447,4.748677248677249
827,934.3649999999999,7489,200943,4.748677248677249
828,934.3649999999999,7497,201439,4.748677248677249
829,934.3649999999999,7506,201935,4.748677248677249
830,934.3649999999999,7514,202431,4.748677248677249
831,934.3649999999999,7523,202927,4.748677248677249
832,934.3649999999999,7531,203423,4.748677248677249
833,934.3649999999999,7539,203919,4.748677248677249
834,934.3649999999999,7548,204415,4.748677248677249
835,934.3649999999999,7556,204911,4.748677248677249
836,934.3649999999999,7564,205407,4.748677248677249
837,934.3649999999999,7573,205903,4.748677248677249
838,934.3649999999999,7581,206399,4.748677248677249
839,934.3649999999999,7589,206895,4.748677248677249
840,934.3649999999999,7597,207391,4.748677248677249
841,934.3649999999999,7606,207887,4.748677248677249
842,934.3649999999999,7615,208383,4.748677248677249
843,934.3649999999999,7624,208879,4.748677248677249
844,934.3649999999999,7632,209375,4.748677248677249
845,934.3649999999999,7640,209871,4.748677248677249
846,934.3649999999999,7648,210367,4.748677248677249
847,934.3649999999999,7657,210863,4.748677248677249
848,934.3649999999999,7665,211359,4.748677248677249
849,934.3649999999999,7674,211855,4.748677248677249
850,934.3649999999999,7682,212351,4.748677248677249
851,934.3649999999999,7690,212878,4.748677248677249
852,934.3649999999999,7699,213405,4.748677248677249
853,934.3649999999999,7707,213932,4.748677248677249
854,934.3649999999999,7715,214459,4.748677248677249
855,934.3649999999999,7724,214986,4.748677248677249
856,934.3649999999999,7734,215513,4.748677248677249
857,934.3649999999999,7742,216040,4.748677248677249
858,934.3649999999999,7751,216567,4.748677248677249
859,932.830588235294,7759,217094,2.6050420168067228
860,932.830588235294,7768,217621,2.6050420168067228
861,932.830588235294,7776,218148,2.6050420168067228
862,932.830588235294,7785,218675,2.6050420168067228
863,932.830588235294,7793,219202,2.6050420168067228
864,932.830588235294,7801,219729,2.6050420168067228
865,932.830588235294,7810,220256,2.6050420168067228
866,932.830588235294,7819,220783,2.6050420168067228
867,932.830588235294,7828,221310,2.6050420168067228
868,932.830588235294,7836,221837,2.6050420168067228
869,932.830588235294,7845,222364,2.6050420168067228
870,932.830588235294,7853,222891,2.6050420168067228
871,932.830588235294,7862,223418,2.6050420168067228
872,932.830588235294,7870,223945,2.6050420168067228
873,932.830588235294,7878,224472,2.6050420168067228
874,932.830588235294,7886,224999,2.6050420168067228
875,932.830588235294,7894,225526,2.6050420168067228
876,932.830588235294,7903,226053,2.6050420168067228
877,932.830588235294,7911,226580,2.6050420168067228
878,932.830588235294,7920,227107,2.6050420168067228
879,932.830588235294,7928,227634,2.6050420168067228
880,932.830588235294,7937,228161,2.6050420168067228
881,932.830588235294,7946,228688,2.6050420168067228
882,932.830588235294,7955,229215,2.6050420168067228
883,932.830588235294,7963,229742,2.6050420168067228
884,932.830588235294,7972,230269,2.6050420168067228
885,932.830588235294,7980,230796,2.6050420168067228
886,932.830588235294,7989,231323,2.6050420168067228
887,932.830588235294,7999,231850,2.6050420168067228
888,932.830588235294,8008,232377,2.6050420168067228
889,932.830588235294,8017,232904,2.6050420168067228
890,932.830588235294,8028,233431,2.6050420168067228
891,932.830588235294,8036,233958,2.6050420168067228
892,932.830588235294,8044,234485,2.6050420168067228
893,932.830588235294,8052,235012,2.6050420168067228
894,932.830588235294,8061,235539,2.6050420168067228
895,932.830588235294,8070,236066,2.6050420168067228
896,932.830588235294,8079,236593,2.6050420168067228
897,932.830588235294,8088,237120,2.6050420168067228
898,932.830588235294,8097,237647,2.6050420168067228
899,932.830588235294,8106,238174,2.6050420168067228
900,932.830588235294,8115,238701,2.6050420168067228
901,932.830588235294,8124,239259,2.6050420168067228
902,932.830588235294,8133,239817,2.6050420168067228
903,932.830588235294,8141,240375,2.6050420168067228
904,932.830588235294,8149,240933,2.6050420168067228
905,932.830588235294,8158,241491,2.6050420168067228
906,932.830588235294,8167,242049,2.6050420168067228
907,932.830588235294,8176,242607,2.6050420168067228
908,932.830588235294,8184,243165,2.6050420168067228
909,932.830588235294,8193,243723,2.6050420168067228
910,932.830588235294,8202,244281,2.6050420168067228
911,932.830588235294,8211,244839,2.6050420168067228
912,932.830588235294,8219,245397,2.6050420168067228
913,932.830588235294,8228,245955,2.6050420168067228
914,932.830588235294,8236,246513,2.6050420168067228
915,932.830588235294,8245,247071,2.6050420168067228
916,932.830588235294,8253,247629,2.6050420168067228
917,932.830588235294,8262,248187,2.6050420168067228
918,932.830588235294,8271,248745,2.6050420168067228
919,932.830588235294,8279,249303,2.6050420168067228
920,932.830588235294,8288,249861,2.6050420168067228
921,932.830588235294,8297,250419,2.6050420168067228
922,932.830588235294,8305,250977,2.6050420168067228
923,932.830588235294,8313,251535,2.6050420168067228
924,932.830588235294,8322,252093,2.6050420168067228
925,932.830588235294,8330,252651,2.6050420168067228
926,932.830588235294,8339,253209,2.6050420168067228
927,932.830588235294,8347,253767,2.6050420168067228
928,932.830588235294,8355,254325,2.6050420168067228
929,932.830588235294,8364,254883,2.6050420168067228
930,932.830588235294,8374,255441,2.6050420168067228
931,932.830588235294,8382,255999,2.6050420168067228
932,932.830588235294,8390,256557,2.6050420168067228
933,932.830588235294,8399,257115,2.6050420168067228
934,932.830588235294,8407,257673,2.6050420168067228
935,932.830588235294,8416,258231,2.6050420168067228
936,932.830588235294,8424,258789,2.6050420168067228
937,932.830588235294,8433,259347,2.6050420168067228
938,932.830588235294,8442,259905,2.6050420168067228
939,932.830588235294,8453,260463,2.6050420168067228
940,932.830588235294,8462,261021,2.6050420168067228
941,932.830588235294,8470,261579,2.6050420168067228
942,932.830588235294,8479,262137,2.6050420168067228
943,932.830588235294,8488,262695,2.6050420168067228
944,932.830588235294,8496,263253,2.6050420168067228
945,932.830588235294,8505,263811,2.6050420168067228
946,932.830588235294,8513,264369,2.6050420168067228
947,932.830588235294,8521,264927,2.6050420168067228
948,932.830588235294,8530,265485,2.6050420168067228
949,932.830588235294,8538,266043,2.6050420168067228
950,932.830588235294,8547,266601,2.6050420168067228
951,932.830588235294,8556,267190,2.6050420168067228
952,932.830588235294,8565,267779,2.6050420168067228
953,932.830588235294,8574,268368,2.6050420168067228
954,932.830588235294,8582,268957,2.6050420168067228
955,932.830588235294,8591,269546,2.6050420168067228
956,932.830588235294,8600,270135,2.6050420168067228
957,932.830588235294,8608,270724,2.6050420168067228
958,932.830588235294,8617,271313,2.6050420168067228
959,932.830588235294,8625,271902,2.6050420168067228
960,932.830588235294,8634,272491,2.6050420168067228
961,932.830588235294,8643,273080,2.6050420168067228
962,932.830588235294,8652,273669,2.6050420168067228
963,932.830588235294,8661,274258,2.6050420168067228
964,932.830588235294,8669,274847,2.6050420168067228
965,932.830588235294,8678,275436,2.6050420168067228
966,932.830588235294,8687,276025,2.6050420168067228
967,932.830588235294,8696,276614,2.6050420168067228
968,932.830588235294,8704,277203,2.6050420168067228
969,932.830588235294,8713,277792,2.6050420168067228
970,932.830588235294,8722,278381,2.6050420168067228
971,932.830588235294,8730,278970,2.6050420168067228
972,932.830588235294,8739,279559,2.6050420168067228
973,932.830588235294,8749,280148,2.6050420168067228
974,932.830588235294,8758,280737,2.6050420168067228
975,932.830588235294,8767,281326,2.6050420168067228
976,932.830588235294,8775,281915,2.6050420168067228
977,932.830588235294,8784,282504,2.6050420168067228
978,932.830588235294,8793,283093,2.6050420168067228
979,932.830588235294,8802,283682,2.6050420168067228
980,932.830588235294,8811,284271,2.6050420168067228
981,932.830588235294,8820,284860,2.6050420168067228
982,932.830588235294,8828,285449,2.6050420168067228
983,932.830588235294,8838,286038,2.6050420168067228
984,932.830588235294,8847,286627,2.6050420168067228
985,932.830588235294,8856,287216,2.6050420168067228
986,932.830588235294,8864,287805,2.6050420168067228
987,932.830588235294,8873,288394,2.6050420168067228
988,932.830588235294,8881,288983,2.6050420168067228
989,932.830588235294,8890,289572,2.6050420168067228
990,932.830588235294,8898,290161,2.6050420168067228
991,932.830588235294,8907,290750,2.6050420168067228
992,932.830588235294,8916,291339,2.6050420168067228
993,932.830588235294,8926,291928,2.6050420168067228
994,932.830588235294,8935,292517,2.6050420168067228
995,932.830588235294,8943,293106,2.6050420168067228
996,932.830588235294,8952,293695,2.6050420168067228
997,932.830588235294,8961,294284,2.6050420168067228
998,932.830588235294,8969,294873,2.6050420168067228
999,932.830588235294,8978,295462,2.6050420168067228
1000,932.830588235294,8987,296051,2.6050420168067228
